id,user_id,about,interests,avatar_url
2947,3048,,,
2948,3049,,,
2949,3050,,,https://www.sqlhabit.com/rails/active_storage/blobs/eyJfcmFpbHMiOnsibWVzc2FnZSI6IkJBaHBJUT09IiwiZXhwIjpudWxsLCJwdXIiOiJibG9iX2lkIn19--f70703b100ea20bf7f1a250fb69e68cb8bdad638/8.png
2950,3051,,,
2951,3052,,,
2952,3053,,,
2953,3054,,,
2954,3055,,,
2955,3056,,,
2956,3057,,,https://www.sqlhabit.com/rails/active_storage/blobs/eyJfcmFpbHMiOnsibWVzc2FnZSI6IkJBaHBJUT09IiwiZXhwIjpudWxsLCJwdXIiOiJibG9iX2lkIn19--f70703b100ea20bf7f1a250fb69e68cb8bdad638/8.png
2957,3058,,,https://www.sqlhabit.com/rails/active_storage/blobs/eyJfcmFpbHMiOnsibWVzc2FnZSI6IkJBaHBHdz09IiwiZXhwIjpudWxsLCJwdXIiOiJibG9iX2lkIn19--2d432d0b1bf255f1970f58669100ce8a6f323212/2.png
2958,3059,,,https://www.sqlhabit.com/rails/active_storage/blobs/eyJfcmFpbHMiOnsibWVzc2FnZSI6IkJBaHBIUT09IiwiZXhwIjpudWxsLCJwdXIiOiJibG9iX2lkIn19--9fab9c52ff7fbdd2a561b7fb5bc6a47184baf243/4.png
2959,3060,Bicycle rights pinterest vhs retro before they sold out hoodie venmo.,,
2960,3061,,,
2961,3062,Brunch hella banjo whatever quinoa crucifix selfies retro blog.,,
2962,3063,,,
2963,3064,,,
2964,3065,,,
2965,3066,,,https://www.sqlhabit.com/rails/active_storage/blobs/eyJfcmFpbHMiOnsibWVzc2FnZSI6IkJBaHBJdz09IiwiZXhwIjpudWxsLCJwdXIiOiJibG9iX2lkIn19--2829f497ead3a1a2d88ff434873233fb43ad5529/10.png
2966,3067,,,
2967,3068,,,
2968,3069,,,https://www.sqlhabit.com/rails/active_storage/blobs/eyJfcmFpbHMiOnsibWVzc2FnZSI6IkJBaHBJUT09IiwiZXhwIjpudWxsLCJwdXIiOiJibG9iX2lkIn19--f70703b100ea20bf7f1a250fb69e68cb8bdad638/8.png
2969,3070,,,
2970,3071,,,
2971,3072,,,https://www.sqlhabit.com/rails/active_storage/blobs/eyJfcmFpbHMiOnsibWVzc2FnZSI6IkJBaHBIZz09IiwiZXhwIjpudWxsLCJwdXIiOiJibG9iX2lkIn19--47b69278b64df027d8e99ce47de5de9f74465402/5.png
2972,3073,,,
2973,3074,,,https://www.sqlhabit.com/rails/active_storage/blobs/eyJfcmFpbHMiOnsibWVzc2FnZSI6IkJBaHBJUT09IiwiZXhwIjpudWxsLCJwdXIiOiJibG9iX2lkIn19--f70703b100ea20bf7f1a250fb69e68cb8bdad638/8.png
2974,3075,,,
2975,3076,,"Suspense/Thriller, Textbook, Biography/Autobiography",
2976,3077,,,https://www.sqlhabit.com/rails/active_storage/blobs/eyJfcmFpbHMiOnsibWVzc2FnZSI6IkJBaHBIZz09IiwiZXhwIjpudWxsLCJwdXIiOiJibG9iX2lkIn19--47b69278b64df027d8e99ce47de5de9f74465402/5.png
2977,3078,Celiac godard beard wes anderson scenester five dollar toast leggings.,,https://www.sqlhabit.com/rails/active_storage/blobs/eyJfcmFpbHMiOnsibWVzc2FnZSI6IkJBaHBIZz09IiwiZXhwIjpudWxsLCJwdXIiOiJibG9iX2lkIn19--47b69278b64df027d8e99ce47de5de9f74465402/5.png
2978,3079,,,
2979,3080,,,https://www.sqlhabit.com/rails/active_storage/blobs/eyJfcmFpbHMiOnsibWVzc2FnZSI6IkJBaHBIUT09IiwiZXhwIjpudWxsLCJwdXIiOiJibG9iX2lkIn19--9fab9c52ff7fbdd2a561b7fb5bc6a47184baf243/4.png
2980,3081,,,
2981,3082,,"Fairy tale, Horror, Reference book, Suspense/Thriller, Comic/Graphic Novel, Fantasy, Biography/Autobiography, Biography/Autobiography",
2982,3083,,,https://www.sqlhabit.com/rails/active_storage/blobs/eyJfcmFpbHMiOnsibWVzc2FnZSI6IkJBaHBIdz09IiwiZXhwIjpudWxsLCJwdXIiOiJibG9iX2lkIn19--01caff4e69b8a6ce1b3fff6e3a2d567a8298ad69/6.png
2983,3084,,"Fanfiction, Mythopoeia, Mythology, Crime/Detective, Suspense/Thriller, Mythology",
2984,3085,,"Western, Fantasy",
2985,3086,,,
2986,3087,,,
2987,3088,Tote bag cred salvia pop-up yuccie heirloom ramps forage marfa.,,
2988,3089,,,
2989,3090,,,
2990,3091,,,
2991,3092,,,
2992,3093,,,https://www.sqlhabit.com/rails/active_storage/blobs/eyJfcmFpbHMiOnsibWVzc2FnZSI6IkJBaHBIZz09IiwiZXhwIjpudWxsLCJwdXIiOiJibG9iX2lkIn19--47b69278b64df027d8e99ce47de5de9f74465402/5.png
2993,3094,,,
2994,3095,,,
2995,3096,,,
2996,3097,,,
2997,3098,,,
2998,3099,,,
2999,3100,,,
3000,3101,,,
3001,3102,,,
3002,3103,,,
3003,3104,,,
3004,3105,,"Short story, Horror",
3005,3106,,,https://www.sqlhabit.com/rails/active_storage/blobs/eyJfcmFpbHMiOnsibWVzc2FnZSI6IkJBaHBJQT09IiwiZXhwIjpudWxsLCJwdXIiOiJibG9iX2lkIn19--566b12f5d6856cd83364a1bfb4f6fbe883529aa0/7.png
3006,3107,,,
3007,3108,,,https://www.sqlhabit.com/rails/active_storage/blobs/eyJfcmFpbHMiOnsibWVzc2FnZSI6IkJBaHBHdz09IiwiZXhwIjpudWxsLCJwdXIiOiJibG9iX2lkIn19--2d432d0b1bf255f1970f58669100ce8a6f323212/2.png
3008,3109,,,https://www.sqlhabit.com/rails/active_storage/blobs/eyJfcmFpbHMiOnsibWVzc2FnZSI6IkJBaHBIUT09IiwiZXhwIjpudWxsLCJwdXIiOiJibG9iX2lkIn19--9fab9c52ff7fbdd2a561b7fb5bc6a47184baf243/4.png
3009,3110,,,
3010,3111,+1 austin slow-carb typewriter scenester echo.,,
3012,3113,,"Humor, Fable, Humor, Fanfiction, Short story, Fantasy, Fairy tale, Mythopoeia, Suspense/Thriller, Realistic fiction",
3013,3114,,,
3014,3115,,,
3015,3116,,,
3016,3117,,,https://www.sqlhabit.com/rails/active_storage/blobs/eyJfcmFpbHMiOnsibWVzc2FnZSI6IkJBaHBJUT09IiwiZXhwIjpudWxsLCJwdXIiOiJibG9iX2lkIn19--f70703b100ea20bf7f1a250fb69e68cb8bdad638/8.png
3017,3118,,,https://www.sqlhabit.com/rails/active_storage/blobs/eyJfcmFpbHMiOnsibWVzc2FnZSI6IkJBaHBHZz09IiwiZXhwIjpudWxsLCJwdXIiOiJibG9iX2lkIn19--5166ad57ac056aefc264b6a008eef1c34ad269ca/1.png
3018,3119,,,
3019,3120,,"Speech, Realistic fiction, Fiction narrative, Tall tale, Fiction narrative, Essay, Reference book, Biography/Autobiography, Crime/Detective",
3020,3121,,,
3021,3122,,,
2354,2455,,,https://www.sqlhabit.com/rails/active_storage/blobs/eyJfcmFpbHMiOnsibWVzc2FnZSI6IkJBaHBJdz09IiwiZXhwIjpudWxsLCJwdXIiOiJibG9iX2lkIn19--2829f497ead3a1a2d88ff434873233fb43ad5529/10.png
2355,2456,,,
2356,2457,,,
2357,2458,,,
2358,2459,,,
2359,2460,,,
2360,2461,,,
2883,2984,,,
2361,2462,,,https://www.sqlhabit.com/rails/active_storage/blobs/eyJfcmFpbHMiOnsibWVzc2FnZSI6IkJBaHBJQT09IiwiZXhwIjpudWxsLCJwdXIiOiJibG9iX2lkIn19--566b12f5d6856cd83364a1bfb4f6fbe883529aa0/7.png
2362,2463,,,
2363,2464,,Fanfiction,
2406,2507,Waistcoat phlogiston flexitarian kogi single-origin coffee synth flannel.,,
2364,2465,Ethical locavore blog brunch vinyl chillwave.,,https://www.sqlhabit.com/rails/active_storage/blobs/eyJfcmFpbHMiOnsibWVzc2FnZSI6IkJBaHBIUT09IiwiZXhwIjpudWxsLCJwdXIiOiJibG9iX2lkIn19--9fab9c52ff7fbdd2a561b7fb5bc6a47184baf243/4.png
2366,2467,,,
2367,2468,,,
2368,2469,,,https://www.sqlhabit.com/rails/active_storage/blobs/eyJfcmFpbHMiOnsibWVzc2FnZSI6IkJBaHBJdz09IiwiZXhwIjpudWxsLCJwdXIiOiJibG9iX2lkIn19--2829f497ead3a1a2d88ff434873233fb43ad5529/10.png
2369,2470,,,
2370,2471,,,
2371,2472,,,
2372,2473,,,https://www.sqlhabit.com/rails/active_storage/blobs/eyJfcmFpbHMiOnsibWVzc2FnZSI6IkJBaHBJQT09IiwiZXhwIjpudWxsLCJwdXIiOiJibG9iX2lkIn19--566b12f5d6856cd83364a1bfb4f6fbe883529aa0/7.png
2373,2474,,,https://www.sqlhabit.com/rails/active_storage/blobs/eyJfcmFpbHMiOnsibWVzc2FnZSI6IkJBaHBJZz09IiwiZXhwIjpudWxsLCJwdXIiOiJibG9iX2lkIn19--9e023516979567505f2c9189681725e22020afa0/9.png
2374,2475,,,
2375,2476,,"Legend, Short story, Narrative nonfiction, Humor, Historical fiction, Suspense/Thriller",
2376,2477,,,https://www.sqlhabit.com/rails/active_storage/blobs/eyJfcmFpbHMiOnsibWVzc2FnZSI6IkJBaHBJQT09IiwiZXhwIjpudWxsLCJwdXIiOiJibG9iX2lkIn19--566b12f5d6856cd83364a1bfb4f6fbe883529aa0/7.png
2377,2478,,,
2378,2479,,,
2379,2480,,,
2380,2481,,,
2381,2482,,,
2382,2483,,,https://www.sqlhabit.com/rails/active_storage/blobs/eyJfcmFpbHMiOnsibWVzc2FnZSI6IkJBaHBIdz09IiwiZXhwIjpudWxsLCJwdXIiOiJibG9iX2lkIn19--01caff4e69b8a6ce1b3fff6e3a2d567a8298ad69/6.png
2383,2484,,,
2384,2485,,,https://www.sqlhabit.com/rails/active_storage/blobs/eyJfcmFpbHMiOnsibWVzc2FnZSI6IkJBaHBIUT09IiwiZXhwIjpudWxsLCJwdXIiOiJibG9iX2lkIn19--9fab9c52ff7fbdd2a561b7fb5bc6a47184baf243/4.png
2385,2486,,,
2386,2487,,,
2387,2488,,,
2388,2489,,,
2389,2490,Street 8-bit blog chambray art party tofu typewriter synth tacos.,"Western, Narrative nonfiction, Fable, Suspense/Thriller, Fable, Fanfiction, Suspense/Thriller, Fiction narrative, Western",
2390,2491,,,https://www.sqlhabit.com/rails/active_storage/blobs/eyJfcmFpbHMiOnsibWVzc2FnZSI6IkJBaHBIQT09IiwiZXhwIjpudWxsLCJwdXIiOiJibG9iX2lkIn19--1739ecdc195d15b853796b15548de8bb5968bf4c/3.png
2391,2492,,"Biography/Autobiography, Historical fiction, Science fiction",
2392,2493,,,
2393,2494,,,
2394,2495,,,https://www.sqlhabit.com/rails/active_storage/blobs/eyJfcmFpbHMiOnsibWVzc2FnZSI6IkJBaHBJZz09IiwiZXhwIjpudWxsLCJwdXIiOiJibG9iX2lkIn19--9e023516979567505f2c9189681725e22020afa0/9.png
2395,2496,,,
2396,2497,,"Essay, Suspense/Thriller, Metafiction, Science fiction, Fantasy, Mythopoeia, Classic, Mystery, Fanfiction",
2397,2498,,,
2398,2499,Taxidermy brooklyn readymade beard flexitarian.,,
2399,2500,,,
2400,2501,,,
2401,2502,,,
2402,2503,,,
2403,2504,,,https://www.sqlhabit.com/rails/active_storage/blobs/eyJfcmFpbHMiOnsibWVzc2FnZSI6IkJBaHBHZz09IiwiZXhwIjpudWxsLCJwdXIiOiJibG9iX2lkIn19--5166ad57ac056aefc264b6a008eef1c34ad269ca/1.png
2407,2508,Quinoa cardigan banh mi photo booth.,,
2404,2505,,"Tall tale, Reference book, Reference book, Classic",https://www.sqlhabit.com/rails/active_storage/blobs/eyJfcmFpbHMiOnsibWVzc2FnZSI6IkJBaHBIdz09IiwiZXhwIjpudWxsLCJwdXIiOiJibG9iX2lkIn19--01caff4e69b8a6ce1b3fff6e3a2d567a8298ad69/6.png
2405,2506,,,https://www.sqlhabit.com/rails/active_storage/blobs/eyJfcmFpbHMiOnsibWVzc2FnZSI6IkJBaHBHZz09IiwiZXhwIjpudWxsLCJwdXIiOiJibG9iX2lkIn19--5166ad57ac056aefc264b6a008eef1c34ad269ca/1.png
2408,2509,,,
2409,2510,,,
2410,2511,,,
2411,2512,,,https://www.sqlhabit.com/rails/active_storage/blobs/eyJfcmFpbHMiOnsibWVzc2FnZSI6IkJBaHBJUT09IiwiZXhwIjpudWxsLCJwdXIiOiJibG9iX2lkIn19--f70703b100ea20bf7f1a250fb69e68cb8bdad638/8.png
2412,2513,Gluten-free venmo organic fixie chillwave five dollar toast.,,
2413,2514,,,https://www.sqlhabit.com/rails/active_storage/blobs/eyJfcmFpbHMiOnsibWVzc2FnZSI6IkJBaHBIUT09IiwiZXhwIjpudWxsLCJwdXIiOiJibG9iX2lkIn19--9fab9c52ff7fbdd2a561b7fb5bc6a47184baf243/4.png
2414,2515,,,
2415,2516,,,
2416,2517,,,https://www.sqlhabit.com/rails/active_storage/blobs/eyJfcmFpbHMiOnsibWVzc2FnZSI6IkJBaHBJUT09IiwiZXhwIjpudWxsLCJwdXIiOiJibG9iX2lkIn19--f70703b100ea20bf7f1a250fb69e68cb8bdad638/8.png
2417,2518,,,
2418,2519,,"Fairy tale, Horror, Short story, Historical fiction, Short story, Fantasy, Fable, Reference book, Mythopoeia, Tall tale",
2419,2520,,,
2420,2521,,,
2421,2522,,,
2422,2523,,,
2423,2524,,,
2424,2525,,,
2425,2526,,,
2426,2527,,,
2427,2528,,,
2428,2529,,,
2429,2530,,,
2430,2531,,,
2431,2532,,,https://www.sqlhabit.com/rails/active_storage/blobs/eyJfcmFpbHMiOnsibWVzc2FnZSI6IkJBaHBHdz09IiwiZXhwIjpudWxsLCJwdXIiOiJibG9iX2lkIn19--2d432d0b1bf255f1970f58669100ce8a6f323212/2.png
2432,2533,,,
2433,2534,,,
2434,2535,,,
2493,2594,Yuccie poutine ramps retro.,,
2435,2536,,"Narrative nonfiction, Humor, Suspense/Thriller, Classic, Legend",https://www.sqlhabit.com/rails/active_storage/blobs/eyJfcmFpbHMiOnsibWVzc2FnZSI6IkJBaHBJZz09IiwiZXhwIjpudWxsLCJwdXIiOiJibG9iX2lkIn19--9e023516979567505f2c9189681725e22020afa0/9.png
2436,2537,,,
2494,2595,,,
2437,2538,Raw denim semiotics carry lomo put a bird on it leggings pour-over organic cred.,Fanfiction,
2438,2539,,,
3045,3146,,,
3046,3147,,,
3047,3148,,,
3048,3149,,,
2439,2540,,,https://www.sqlhabit.com/rails/active_storage/blobs/eyJfcmFpbHMiOnsibWVzc2FnZSI6IkJBaHBHdz09IiwiZXhwIjpudWxsLCJwdXIiOiJibG9iX2lkIn19--2d432d0b1bf255f1970f58669100ce8a6f323212/2.png
2440,2541,,,https://www.sqlhabit.com/rails/active_storage/blobs/eyJfcmFpbHMiOnsibWVzc2FnZSI6IkJBaHBHdz09IiwiZXhwIjpudWxsLCJwdXIiOiJibG9iX2lkIn19--2d432d0b1bf255f1970f58669100ce8a6f323212/2.png
2441,2542,,,
2442,2543,,,
2443,2544,,,https://www.sqlhabit.com/rails/active_storage/blobs/eyJfcmFpbHMiOnsibWVzc2FnZSI6IkJBaHBIUT09IiwiZXhwIjpudWxsLCJwdXIiOiJibG9iX2lkIn19--9fab9c52ff7fbdd2a561b7fb5bc6a47184baf243/4.png
2444,2545,,,
2445,2546,,,
2446,2547,,,https://www.sqlhabit.com/rails/active_storage/blobs/eyJfcmFpbHMiOnsibWVzc2FnZSI6IkJBaHBIQT09IiwiZXhwIjpudWxsLCJwdXIiOiJibG9iX2lkIn19--1739ecdc195d15b853796b15548de8bb5968bf4c/3.png
2447,2548,,,
2448,2549,,,
2450,2551,Whatever chillwave art party vice asymmetrical waistcoat umami cred.,,
2451,2552,,,
2452,2553,,,
2453,2554,,,https://www.sqlhabit.com/rails/active_storage/blobs/eyJfcmFpbHMiOnsibWVzc2FnZSI6IkJBaHBIdz09IiwiZXhwIjpudWxsLCJwdXIiOiJibG9iX2lkIn19--01caff4e69b8a6ce1b3fff6e3a2d567a8298ad69/6.png
2454,2555,,,https://www.sqlhabit.com/rails/active_storage/blobs/eyJfcmFpbHMiOnsibWVzc2FnZSI6IkJBaHBJQT09IiwiZXhwIjpudWxsLCJwdXIiOiJibG9iX2lkIn19--566b12f5d6856cd83364a1bfb4f6fbe883529aa0/7.png
2455,2556,,,
2456,2557,,,
2457,2558,,,
2458,2559,,,
2459,2560,,,
2460,2561,,"Fairy tale, Short story, Mythopoeia, Textbook, Western, Fanfiction, Metafiction",
2461,2562,,,
2462,2563,,,https://www.sqlhabit.com/rails/active_storage/blobs/eyJfcmFpbHMiOnsibWVzc2FnZSI6IkJBaHBJZz09IiwiZXhwIjpudWxsLCJwdXIiOiJibG9iX2lkIn19--9e023516979567505f2c9189681725e22020afa0/9.png
2463,2564,,,
2464,2565,,,
2465,2566,,,https://www.sqlhabit.com/rails/active_storage/blobs/eyJfcmFpbHMiOnsibWVzc2FnZSI6IkJBaHBHZz09IiwiZXhwIjpudWxsLCJwdXIiOiJibG9iX2lkIn19--5166ad57ac056aefc264b6a008eef1c34ad269ca/1.png
2466,2567,,"Classic, Speech, Folklore",
2467,2568,,,
2468,2569,,,https://www.sqlhabit.com/rails/active_storage/blobs/eyJfcmFpbHMiOnsibWVzc2FnZSI6IkJBaHBIZz09IiwiZXhwIjpudWxsLCJwdXIiOiJibG9iX2lkIn19--47b69278b64df027d8e99ce47de5de9f74465402/5.png
2469,2570,,,
2470,2571,,,
2471,2572,,,https://www.sqlhabit.com/rails/active_storage/blobs/eyJfcmFpbHMiOnsibWVzc2FnZSI6IkJBaHBJUT09IiwiZXhwIjpudWxsLCJwdXIiOiJibG9iX2lkIn19--f70703b100ea20bf7f1a250fb69e68cb8bdad638/8.png
2472,2573,,,
2473,2574,Cornhole semiotics health literally gentrify next level post-ironic bushwick polaroid.,,
2474,2575,,,https://www.sqlhabit.com/rails/active_storage/blobs/eyJfcmFpbHMiOnsibWVzc2FnZSI6IkJBaHBHdz09IiwiZXhwIjpudWxsLCJwdXIiOiJibG9iX2lkIn19--2d432d0b1bf255f1970f58669100ce8a6f323212/2.png
2475,2576,,,
2476,2577,,,
2477,2578,,,
2478,2579,,,
2479,2580,,,
2480,2581,,,
2481,2582,,,
2482,2583,,,
2483,2584,,,
2484,2585,,,
2485,2586,,"Crime/Detective, Historical fiction",
2486,2587,,,
2487,2588,,,
2488,2589,,,https://www.sqlhabit.com/rails/active_storage/blobs/eyJfcmFpbHMiOnsibWVzc2FnZSI6IkJBaHBJQT09IiwiZXhwIjpudWxsLCJwdXIiOiJibG9iX2lkIn19--566b12f5d6856cd83364a1bfb4f6fbe883529aa0/7.png
2489,2590,,,
2490,2591,,,https://www.sqlhabit.com/rails/active_storage/blobs/eyJfcmFpbHMiOnsibWVzc2FnZSI6IkJBaHBIdz09IiwiZXhwIjpudWxsLCJwdXIiOiJibG9iX2lkIn19--01caff4e69b8a6ce1b3fff6e3a2d567a8298ad69/6.png
2491,2592,,,
2492,2593,,,
2495,2596,,,
2499,2600,Scenester chambray disrupt vinegar 3 wolf moon chicharrones intelligentsia pinterest.,"Reference book, Comic/Graphic Novel, Fiction narrative, Science fiction",
2496,2597,,Textbook,https://www.sqlhabit.com/rails/active_storage/blobs/eyJfcmFpbHMiOnsibWVzc2FnZSI6IkJBaHBHZz09IiwiZXhwIjpudWxsLCJwdXIiOiJibG9iX2lkIn19--5166ad57ac056aefc264b6a008eef1c34ad269ca/1.png
2497,2598,,,https://www.sqlhabit.com/rails/active_storage/blobs/eyJfcmFpbHMiOnsibWVzc2FnZSI6IkJBaHBJQT09IiwiZXhwIjpudWxsLCJwdXIiOiJibG9iX2lkIn19--566b12f5d6856cd83364a1bfb4f6fbe883529aa0/7.png
2498,2599,,,
2500,2601,,,
2501,2602,,,
2502,2603,,,
2503,2604,,,
2506,2607,,,
2504,2605,Post-ironic bitters photo booth intelligentsia gluten-free tote bag.,,https://www.sqlhabit.com/rails/active_storage/blobs/eyJfcmFpbHMiOnsibWVzc2FnZSI6IkJBaHBIdz09IiwiZXhwIjpudWxsLCJwdXIiOiJibG9iX2lkIn19--01caff4e69b8a6ce1b3fff6e3a2d567a8298ad69/6.png
2505,2606,,,
2507,2608,,,
2508,2609,Hoodie retro ramps cred.,,
2509,2610,,,
2510,2611,,,
2511,2612,,,
3022,3123,,"Mythopoeia, Biography/Autobiography, Folklore",
3023,3124,,,
3024,3125,,,
3025,3126,,,
2240,2341,,,
2241,2342,,,https://www.sqlhabit.com/rails/active_storage/blobs/eyJfcmFpbHMiOnsibWVzc2FnZSI6IkJBaHBIdz09IiwiZXhwIjpudWxsLCJwdXIiOiJibG9iX2lkIn19--01caff4e69b8a6ce1b3fff6e3a2d567a8298ad69/6.png
2242,2343,,,
2243,2344,,,
2244,2345,,,
2245,2346,,,
2246,2347,,,https://www.sqlhabit.com/rails/active_storage/blobs/eyJfcmFpbHMiOnsibWVzc2FnZSI6IkJBaHBJZz09IiwiZXhwIjpudWxsLCJwdXIiOiJibG9iX2lkIn19--9e023516979567505f2c9189681725e22020afa0/9.png
2203,2304,,,https://www.sqlhabit.com/rails/active_storage/blobs/eyJfcmFpbHMiOnsibWVzc2FnZSI6IkJBaHBJdz09IiwiZXhwIjpudWxsLCJwdXIiOiJibG9iX2lkIn19--2829f497ead3a1a2d88ff434873233fb43ad5529/10.png
2204,2305,,,https://www.sqlhabit.com/rails/active_storage/blobs/eyJfcmFpbHMiOnsibWVzc2FnZSI6IkJBaHBJdz09IiwiZXhwIjpudWxsLCJwdXIiOiJibG9iX2lkIn19--2829f497ead3a1a2d88ff434873233fb43ad5529/10.png
2205,2306,,,
2207,2308,,,https://www.sqlhabit.com/rails/active_storage/blobs/eyJfcmFpbHMiOnsibWVzc2FnZSI6IkJBaHBJQT09IiwiZXhwIjpudWxsLCJwdXIiOiJibG9iX2lkIn19--566b12f5d6856cd83364a1bfb4f6fbe883529aa0/7.png
2208,2309,,,
2209,2310,,,https://www.sqlhabit.com/rails/active_storage/blobs/eyJfcmFpbHMiOnsibWVzc2FnZSI6IkJBaHBIUT09IiwiZXhwIjpudWxsLCJwdXIiOiJibG9iX2lkIn19--9fab9c52ff7fbdd2a561b7fb5bc6a47184baf243/4.png
2210,2311,,,
2211,2312,,,
2212,2313,,,
2213,2314,,,
2214,2315,,,
2215,2316,,,
2216,2317,,,
2217,2318,,,
2218,2319,,,
2219,2320,,,
2220,2321,,,
2221,2322,,,https://www.sqlhabit.com/rails/active_storage/blobs/eyJfcmFpbHMiOnsibWVzc2FnZSI6IkJBaHBJUT09IiwiZXhwIjpudWxsLCJwdXIiOiJibG9iX2lkIn19--f70703b100ea20bf7f1a250fb69e68cb8bdad638/8.png
2222,2323,,"Fiction in verse, Fairy tale, Comic/Graphic Novel, Tall tale, Fanfiction, Science fiction, Folklore, Historical fiction, Essay",
2223,2324,,,https://www.sqlhabit.com/rails/active_storage/blobs/eyJfcmFpbHMiOnsibWVzc2FnZSI6IkJBaHBJdz09IiwiZXhwIjpudWxsLCJwdXIiOiJibG9iX2lkIn19--2829f497ead3a1a2d88ff434873233fb43ad5529/10.png
2224,2325,,,
2225,2326,,,
2226,2327,,,
2227,2328,,,
2247,2348,,,
2228,2329,Readymade kickstarter before they sold out brooklyn.,"Fable, Horror, Folklore",
2229,2330,,,https://www.sqlhabit.com/rails/active_storage/blobs/eyJfcmFpbHMiOnsibWVzc2FnZSI6IkJBaHBIUT09IiwiZXhwIjpudWxsLCJwdXIiOiJibG9iX2lkIn19--9fab9c52ff7fbdd2a561b7fb5bc6a47184baf243/4.png
2230,2331,,,
2231,2332,,,
2232,2333,,,
2233,2334,,,https://www.sqlhabit.com/rails/active_storage/blobs/eyJfcmFpbHMiOnsibWVzc2FnZSI6IkJBaHBHdz09IiwiZXhwIjpudWxsLCJwdXIiOiJibG9iX2lkIn19--2d432d0b1bf255f1970f58669100ce8a6f323212/2.png
2234,2335,,,https://www.sqlhabit.com/rails/active_storage/blobs/eyJfcmFpbHMiOnsibWVzc2FnZSI6IkJBaHBIUT09IiwiZXhwIjpudWxsLCJwdXIiOiJibG9iX2lkIn19--9fab9c52ff7fbdd2a561b7fb5bc6a47184baf243/4.png
2235,2336,,,
2236,2337,,,
2237,2338,,,
2238,2339,,,https://www.sqlhabit.com/rails/active_storage/blobs/eyJfcmFpbHMiOnsibWVzc2FnZSI6IkJBaHBIZz09IiwiZXhwIjpudWxsLCJwdXIiOiJibG9iX2lkIn19--47b69278b64df027d8e99ce47de5de9f74465402/5.png
2239,2340,,,
2248,2349,,,
2249,2350,,,
2250,2351,Bicycle rights yuccie art party narwhal distillery shoreditch gluten-free leggings.,,
2251,2352,,,https://www.sqlhabit.com/rails/active_storage/blobs/eyJfcmFpbHMiOnsibWVzc2FnZSI6IkJBaHBIZz09IiwiZXhwIjpudWxsLCJwdXIiOiJibG9iX2lkIn19--47b69278b64df027d8e99ce47de5de9f74465402/5.png
2252,2353,,,
2253,2354,,"Crime/Detective, Fanfiction, Speech, Fantasy, Comic/Graphic Novel, Crime/Detective, Biography/Autobiography, Folklore",
2254,2355,,,
2255,2356,,,https://www.sqlhabit.com/rails/active_storage/blobs/eyJfcmFpbHMiOnsibWVzc2FnZSI6IkJBaHBJZz09IiwiZXhwIjpudWxsLCJwdXIiOiJibG9iX2lkIn19--9e023516979567505f2c9189681725e22020afa0/9.png
2256,2357,,,https://www.sqlhabit.com/rails/active_storage/blobs/eyJfcmFpbHMiOnsibWVzc2FnZSI6IkJBaHBIQT09IiwiZXhwIjpudWxsLCJwdXIiOiJibG9iX2lkIn19--1739ecdc195d15b853796b15548de8bb5968bf4c/3.png
2257,2358,,,https://www.sqlhabit.com/rails/active_storage/blobs/eyJfcmFpbHMiOnsibWVzc2FnZSI6IkJBaHBHdz09IiwiZXhwIjpudWxsLCJwdXIiOiJibG9iX2lkIn19--2d432d0b1bf255f1970f58669100ce8a6f323212/2.png
2258,2359,,,https://www.sqlhabit.com/rails/active_storage/blobs/eyJfcmFpbHMiOnsibWVzc2FnZSI6IkJBaHBIZz09IiwiZXhwIjpudWxsLCJwdXIiOiJibG9iX2lkIn19--47b69278b64df027d8e99ce47de5de9f74465402/5.png
2259,2360,,,
2260,2361,,,
2261,2362,,,
2262,2363,,,https://www.sqlhabit.com/rails/active_storage/blobs/eyJfcmFpbHMiOnsibWVzc2FnZSI6IkJBaHBIZz09IiwiZXhwIjpudWxsLCJwdXIiOiJibG9iX2lkIn19--47b69278b64df027d8e99ce47de5de9f74465402/5.png
2263,2364,,,
2264,2365,,,
2265,2366,,,
2266,2367,,,
2267,2368,,,
2268,2369,,,https://www.sqlhabit.com/rails/active_storage/blobs/eyJfcmFpbHMiOnsibWVzc2FnZSI6IkJBaHBIQT09IiwiZXhwIjpudWxsLCJwdXIiOiJibG9iX2lkIn19--1739ecdc195d15b853796b15548de8bb5968bf4c/3.png
2269,2370,,,
2270,2371,,,
2271,2372,,,
2272,2373,,,https://www.sqlhabit.com/rails/active_storage/blobs/eyJfcmFpbHMiOnsibWVzc2FnZSI6IkJBaHBHZz09IiwiZXhwIjpudWxsLCJwdXIiOiJibG9iX2lkIn19--5166ad57ac056aefc264b6a008eef1c34ad269ca/1.png
2273,2374,,,
2274,2375,,"Speech, Fiction in verse, Fable, Fanfiction, Short story, Textbook, Comic/Graphic Novel, Classic, Fanfiction",
2275,2376,,,
2276,2377,,,https://www.sqlhabit.com/rails/active_storage/blobs/eyJfcmFpbHMiOnsibWVzc2FnZSI6IkJBaHBIUT09IiwiZXhwIjpudWxsLCJwdXIiOiJibG9iX2lkIn19--9fab9c52ff7fbdd2a561b7fb5bc6a47184baf243/4.png
2733,2834,,,
2734,2835,,,
2277,2378,,,https://www.sqlhabit.com/rails/active_storage/blobs/eyJfcmFpbHMiOnsibWVzc2FnZSI6IkJBaHBJZz09IiwiZXhwIjpudWxsLCJwdXIiOiJibG9iX2lkIn19--9e023516979567505f2c9189681725e22020afa0/9.png
2278,2379,,,
2279,2380,,,https://www.sqlhabit.com/rails/active_storage/blobs/eyJfcmFpbHMiOnsibWVzc2FnZSI6IkJBaHBIdz09IiwiZXhwIjpudWxsLCJwdXIiOiJibG9iX2lkIn19--01caff4e69b8a6ce1b3fff6e3a2d567a8298ad69/6.png
2280,2381,,,https://www.sqlhabit.com/rails/active_storage/blobs/eyJfcmFpbHMiOnsibWVzc2FnZSI6IkJBaHBJUT09IiwiZXhwIjpudWxsLCJwdXIiOiJibG9iX2lkIn19--f70703b100ea20bf7f1a250fb69e68cb8bdad638/8.png
2281,2382,,,
2282,2383,,,
2283,2384,,,https://www.sqlhabit.com/rails/active_storage/blobs/eyJfcmFpbHMiOnsibWVzc2FnZSI6IkJBaHBIZz09IiwiZXhwIjpudWxsLCJwdXIiOiJibG9iX2lkIn19--47b69278b64df027d8e99ce47de5de9f74465402/5.png
2284,2385,,,
2285,2386,,,https://www.sqlhabit.com/rails/active_storage/blobs/eyJfcmFpbHMiOnsibWVzc2FnZSI6IkJBaHBJUT09IiwiZXhwIjpudWxsLCJwdXIiOiJibG9iX2lkIn19--f70703b100ea20bf7f1a250fb69e68cb8bdad638/8.png
2286,2387,,,
3049,3150,,,
3050,3151,,,
2287,2388,,,https://www.sqlhabit.com/rails/active_storage/blobs/eyJfcmFpbHMiOnsibWVzc2FnZSI6IkJBaHBHdz09IiwiZXhwIjpudWxsLCJwdXIiOiJibG9iX2lkIn19--2d432d0b1bf255f1970f58669100ce8a6f323212/2.png
2288,2389,,,https://www.sqlhabit.com/rails/active_storage/blobs/eyJfcmFpbHMiOnsibWVzc2FnZSI6IkJBaHBIZz09IiwiZXhwIjpudWxsLCJwdXIiOiJibG9iX2lkIn19--47b69278b64df027d8e99ce47de5de9f74465402/5.png
2289,2390,,,
2290,2391,,,
2291,2392,,,
2292,2393,Bicycle rights goth poutine semiotics.,,
2293,2394,,,https://www.sqlhabit.com/rails/active_storage/blobs/eyJfcmFpbHMiOnsibWVzc2FnZSI6IkJBaHBIdz09IiwiZXhwIjpudWxsLCJwdXIiOiJibG9iX2lkIn19--01caff4e69b8a6ce1b3fff6e3a2d567a8298ad69/6.png
2294,2395,,,
2295,2396,,,
2296,2397,,,
2297,2398,,"Essay, Short story, Fiction narrative, Tall tale, Essay, Realistic fiction, Mythology",
2298,2399,,,
2299,2400,,,
2300,2401,,,
2301,2402,,"Speech, Tall tale, Fantasy, Western, Fantasy, Textbook, Speech, Folklore, Fairy tale",
2302,2403,,,
2303,2404,,,
2304,2405,,,
2305,2406,,,
2306,2407,,,
2307,2408,,,https://www.sqlhabit.com/rails/active_storage/blobs/eyJfcmFpbHMiOnsibWVzc2FnZSI6IkJBaHBJZz09IiwiZXhwIjpudWxsLCJwdXIiOiJibG9iX2lkIn19--9e023516979567505f2c9189681725e22020afa0/9.png
2308,2409,,,https://www.sqlhabit.com/rails/active_storage/blobs/eyJfcmFpbHMiOnsibWVzc2FnZSI6IkJBaHBJQT09IiwiZXhwIjpudWxsLCJwdXIiOiJibG9iX2lkIn19--566b12f5d6856cd83364a1bfb4f6fbe883529aa0/7.png
2309,2410,,,https://www.sqlhabit.com/rails/active_storage/blobs/eyJfcmFpbHMiOnsibWVzc2FnZSI6IkJBaHBIUT09IiwiZXhwIjpudWxsLCJwdXIiOiJibG9iX2lkIn19--9fab9c52ff7fbdd2a561b7fb5bc6a47184baf243/4.png
2310,2411,,,https://www.sqlhabit.com/rails/active_storage/blobs/eyJfcmFpbHMiOnsibWVzc2FnZSI6IkJBaHBJUT09IiwiZXhwIjpudWxsLCJwdXIiOiJibG9iX2lkIn19--f70703b100ea20bf7f1a250fb69e68cb8bdad638/8.png
2311,2412,,,
2312,2413,,,
2313,2414,,,
2314,2415,,"Crime/Detective, Fairy tale, Mythology, Biography/Autobiography, Western, Suspense/Thriller, Fanfiction, Reference book",
2315,2416,,,
2316,2417,,"Humor, Mythopoeia, Crime/Detective, Speech",
2317,2418,,,
2318,2419,,,https://www.sqlhabit.com/rails/active_storage/blobs/eyJfcmFpbHMiOnsibWVzc2FnZSI6IkJBaHBJdz09IiwiZXhwIjpudWxsLCJwdXIiOiJibG9iX2lkIn19--2829f497ead3a1a2d88ff434873233fb43ad5529/10.png
2319,2420,,,
2320,2421,,,
2321,2422,,,https://www.sqlhabit.com/rails/active_storage/blobs/eyJfcmFpbHMiOnsibWVzc2FnZSI6IkJBaHBHZz09IiwiZXhwIjpudWxsLCJwdXIiOiJibG9iX2lkIn19--5166ad57ac056aefc264b6a008eef1c34ad269ca/1.png
2322,2423,,,
2323,2424,,,
2324,2425,,"Reference book, Textbook, Crime/Detective, Crime/Detective",
2325,2426,,,https://www.sqlhabit.com/rails/active_storage/blobs/eyJfcmFpbHMiOnsibWVzc2FnZSI6IkJBaHBJQT09IiwiZXhwIjpudWxsLCJwdXIiOiJibG9iX2lkIn19--566b12f5d6856cd83364a1bfb4f6fbe883529aa0/7.png
2326,2427,,,
2327,2428,,,
2328,2429,,,
2329,2430,,,
2330,2431,,,
2331,2432,,,https://www.sqlhabit.com/rails/active_storage/blobs/eyJfcmFpbHMiOnsibWVzc2FnZSI6IkJBaHBIUT09IiwiZXhwIjpudWxsLCJwdXIiOiJibG9iX2lkIn19--9fab9c52ff7fbdd2a561b7fb5bc6a47184baf243/4.png
2332,2433,,,https://www.sqlhabit.com/rails/active_storage/blobs/eyJfcmFpbHMiOnsibWVzc2FnZSI6IkJBaHBHdz09IiwiZXhwIjpudWxsLCJwdXIiOiJibG9iX2lkIn19--2d432d0b1bf255f1970f58669100ce8a6f323212/2.png
2333,2434,,,
2334,2435,,"Crime/Detective, Suspense/Thriller, Fable, Fairy tale, Fanfiction, Metafiction, Humor",
2335,2436,,"Tall tale, Reference book, Science fiction, Speech, Horror, Crime/Detective, Science fiction",
2336,2437,,,
2337,2438,,,
2338,2439,,"Realistic fiction, Reference book, Reference book, Comic/Graphic Novel, Fairy tale, Science fiction",
2339,2440,,,
2340,2441,,"Humor, Comic/Graphic Novel, Folklore, Short story, Speech",
2341,2442,,,
2343,2444,,,https://www.sqlhabit.com/rails/active_storage/blobs/eyJfcmFpbHMiOnsibWVzc2FnZSI6IkJBaHBIZz09IiwiZXhwIjpudWxsLCJwdXIiOiJibG9iX2lkIn19--47b69278b64df027d8e99ce47de5de9f74465402/5.png
2342,2443,,"Reference book, Fairy tale, Classic, Fanfiction, Textbook, Classic, Biography/Autobiography, Essay, Fantasy, Science fiction",https://www.sqlhabit.com/rails/active_storage/blobs/eyJfcmFpbHMiOnsibWVzc2FnZSI6IkJBaHBIZz09IiwiZXhwIjpudWxsLCJwdXIiOiJibG9iX2lkIn19--47b69278b64df027d8e99ce47de5de9f74465402/5.png
2344,2445,,,
2345,2446,,,
2346,2447,,,
2347,2448,,,
2348,2449,,,
2349,2450,,,
2350,2451,Schlitz retro intelligentsia park twee.,,
2351,2452,,,https://www.sqlhabit.com/rails/active_storage/blobs/eyJfcmFpbHMiOnsibWVzc2FnZSI6IkJBaHBHZz09IiwiZXhwIjpudWxsLCJwdXIiOiJibG9iX2lkIn19--5166ad57ac056aefc264b6a008eef1c34ad269ca/1.png
2352,2453,,,
2353,2454,,,
2512,2613,,,https://www.sqlhabit.com/rails/active_storage/blobs/eyJfcmFpbHMiOnsibWVzc2FnZSI6IkJBaHBIUT09IiwiZXhwIjpudWxsLCJwdXIiOiJibG9iX2lkIn19--9fab9c52ff7fbdd2a561b7fb5bc6a47184baf243/4.png
2513,2614,,,
2514,2615,,,
2515,2616,,,
2516,2617,,,
2517,2618,,,https://www.sqlhabit.com/rails/active_storage/blobs/eyJfcmFpbHMiOnsibWVzc2FnZSI6IkJBaHBHdz09IiwiZXhwIjpudWxsLCJwdXIiOiJibG9iX2lkIn19--2d432d0b1bf255f1970f58669100ce8a6f323212/2.png
2518,2619,,,
2519,2620,,,
2520,2621,,,
2521,2622,,,
2567,2668,,,
2522,2623,Iphone church-key ramps biodiesel try-hard waistcoat cold-pressed salvia poutine.,"Fantasy, Western, Horror, Historical fiction, Suspense/Thriller, Mythology, Realistic fiction, Legend, Mythopoeia, Horror",https://www.sqlhabit.com/rails/active_storage/blobs/eyJfcmFpbHMiOnsibWVzc2FnZSI6IkJBaHBJUT09IiwiZXhwIjpudWxsLCJwdXIiOiJibG9iX2lkIn19--f70703b100ea20bf7f1a250fb69e68cb8bdad638/8.png
3194,3295,,,
3238,3339,,,
2523,2624,,,https://www.sqlhabit.com/rails/active_storage/blobs/eyJfcmFpbHMiOnsibWVzc2FnZSI6IkJBaHBJUT09IiwiZXhwIjpudWxsLCJwdXIiOiJibG9iX2lkIn19--f70703b100ea20bf7f1a250fb69e68cb8bdad638/8.png
2524,2625,,,
2525,2626,,,
2526,2627,,,
2527,2628,,"Narrative nonfiction, Short story, Fairy tale, Fairy tale, Folklore, Fable",
2528,2629,,,https://www.sqlhabit.com/rails/active_storage/blobs/eyJfcmFpbHMiOnsibWVzc2FnZSI6IkJBaHBHZz09IiwiZXhwIjpudWxsLCJwdXIiOiJibG9iX2lkIn19--5166ad57ac056aefc264b6a008eef1c34ad269ca/1.png
2529,2630,,,https://www.sqlhabit.com/rails/active_storage/blobs/eyJfcmFpbHMiOnsibWVzc2FnZSI6IkJBaHBJQT09IiwiZXhwIjpudWxsLCJwdXIiOiJibG9iX2lkIn19--566b12f5d6856cd83364a1bfb4f6fbe883529aa0/7.png
2530,2631,,,
2531,2632,,,
2532,2633,,,https://www.sqlhabit.com/rails/active_storage/blobs/eyJfcmFpbHMiOnsibWVzc2FnZSI6IkJBaHBJZz09IiwiZXhwIjpudWxsLCJwdXIiOiJibG9iX2lkIn19--9e023516979567505f2c9189681725e22020afa0/9.png
2533,2634,,,
2534,2635,,,
2535,2636,,,
2536,2637,,,
2537,2638,,,
2538,2639,,,
2539,2640,,,https://www.sqlhabit.com/rails/active_storage/blobs/eyJfcmFpbHMiOnsibWVzc2FnZSI6IkJBaHBIZz09IiwiZXhwIjpudWxsLCJwdXIiOiJibG9iX2lkIn19--47b69278b64df027d8e99ce47de5de9f74465402/5.png
2540,2641,,,
2541,2642,,"Short story, Speech, Fanfiction, Textbook, Mystery, Narrative nonfiction, Realistic fiction, Narrative nonfiction, Horror",
2542,2643,,,
2543,2644,,,
2544,2645,,,https://www.sqlhabit.com/rails/active_storage/blobs/eyJfcmFpbHMiOnsibWVzc2FnZSI6IkJBaHBHdz09IiwiZXhwIjpudWxsLCJwdXIiOiJibG9iX2lkIn19--2d432d0b1bf255f1970f58669100ce8a6f323212/2.png
2545,2646,,,https://www.sqlhabit.com/rails/active_storage/blobs/eyJfcmFpbHMiOnsibWVzc2FnZSI6IkJBaHBIZz09IiwiZXhwIjpudWxsLCJwdXIiOiJibG9iX2lkIn19--47b69278b64df027d8e99ce47de5de9f74465402/5.png
2546,2647,,,
2547,2648,,"Suspense/Thriller, Suspense/Thriller, Short story, Tall tale, Reference book, Tall tale, Biography/Autobiography, Essay, Mythology, Textbook",
2548,2649,,,
2549,2650,,,
2550,2651,,,
2551,2652,,,
2568,2669,,,https://www.sqlhabit.com/rails/active_storage/blobs/eyJfcmFpbHMiOnsibWVzc2FnZSI6IkJBaHBHdz09IiwiZXhwIjpudWxsLCJwdXIiOiJibG9iX2lkIn19--2d432d0b1bf255f1970f58669100ce8a6f323212/2.png
2552,2653,,"Reference book, Historical fiction, Short story, Horror, Fiction narrative, Reference book, Reference book, Mythology, Suspense/Thriller, Fiction narrative",https://www.sqlhabit.com/rails/active_storage/blobs/eyJfcmFpbHMiOnsibWVzc2FnZSI6IkJBaHBIZz09IiwiZXhwIjpudWxsLCJwdXIiOiJibG9iX2lkIn19--47b69278b64df027d8e99ce47de5de9f74465402/5.png
2553,2654,,,
2554,2655,,,
2555,2656,,,https://www.sqlhabit.com/rails/active_storage/blobs/eyJfcmFpbHMiOnsibWVzc2FnZSI6IkJBaHBHZz09IiwiZXhwIjpudWxsLCJwdXIiOiJibG9iX2lkIn19--5166ad57ac056aefc264b6a008eef1c34ad269ca/1.png
2556,2657,,,
2557,2658,,,
2558,2659,,,
2559,2660,,"Historical fiction, Realistic fiction, Narrative nonfiction, Suspense/Thriller, Fiction in verse, Metafiction, Suspense/Thriller",
2560,2661,,,https://www.sqlhabit.com/rails/active_storage/blobs/eyJfcmFpbHMiOnsibWVzc2FnZSI6IkJBaHBIUT09IiwiZXhwIjpudWxsLCJwdXIiOiJibG9iX2lkIn19--9fab9c52ff7fbdd2a561b7fb5bc6a47184baf243/4.png
2561,2662,,,
2562,2663,,,
2563,2664,,,
2564,2665,,,
2565,2666,,,https://www.sqlhabit.com/rails/active_storage/blobs/eyJfcmFpbHMiOnsibWVzc2FnZSI6IkJBaHBHdz09IiwiZXhwIjpudWxsLCJwdXIiOiJibG9iX2lkIn19--2d432d0b1bf255f1970f58669100ce8a6f323212/2.png
2566,2667,,,
2569,2670,,"Science fiction, Fiction in verse, Fantasy, Classic",
2570,2671,,,https://www.sqlhabit.com/rails/active_storage/blobs/eyJfcmFpbHMiOnsibWVzc2FnZSI6IkJBaHBIZz09IiwiZXhwIjpudWxsLCJwdXIiOiJibG9iX2lkIn19--47b69278b64df027d8e99ce47de5de9f74465402/5.png
2571,2672,,,
2572,2673,,,https://www.sqlhabit.com/rails/active_storage/blobs/eyJfcmFpbHMiOnsibWVzc2FnZSI6IkJBaHBJQT09IiwiZXhwIjpudWxsLCJwdXIiOiJibG9iX2lkIn19--566b12f5d6856cd83364a1bfb4f6fbe883529aa0/7.png
2573,2674,,,https://www.sqlhabit.com/rails/active_storage/blobs/eyJfcmFpbHMiOnsibWVzc2FnZSI6IkJBaHBJQT09IiwiZXhwIjpudWxsLCJwdXIiOiJibG9iX2lkIn19--566b12f5d6856cd83364a1bfb4f6fbe883529aa0/7.png
2574,2675,,,https://www.sqlhabit.com/rails/active_storage/blobs/eyJfcmFpbHMiOnsibWVzc2FnZSI6IkJBaHBIQT09IiwiZXhwIjpudWxsLCJwdXIiOiJibG9iX2lkIn19--1739ecdc195d15b853796b15548de8bb5968bf4c/3.png
2575,2676,,,
2576,2677,Cleanse pabst irony five dollar toast semiotics keytar brunch waistcoat butcher.,,
2577,2678,,"Metafiction, Fiction narrative, Narrative nonfiction",
2579,2680,,,
2580,2681,,,https://www.sqlhabit.com/rails/active_storage/blobs/eyJfcmFpbHMiOnsibWVzc2FnZSI6IkJBaHBIQT09IiwiZXhwIjpudWxsLCJwdXIiOiJibG9iX2lkIn19--1739ecdc195d15b853796b15548de8bb5968bf4c/3.png
2581,2682,,Fairy tale,
2735,2836,,,
2582,2683,,,https://www.sqlhabit.com/rails/active_storage/blobs/eyJfcmFpbHMiOnsibWVzc2FnZSI6IkJBaHBIZz09IiwiZXhwIjpudWxsLCJwdXIiOiJibG9iX2lkIn19--47b69278b64df027d8e99ce47de5de9f74465402/5.png
2583,2684,,,
2584,2685,,,
2585,2686,,,
2586,2687,,,
2635,2736,,,
2588,2689,,,https://www.sqlhabit.com/rails/active_storage/blobs/eyJfcmFpbHMiOnsibWVzc2FnZSI6IkJBaHBJUT09IiwiZXhwIjpudWxsLCJwdXIiOiJibG9iX2lkIn19--f70703b100ea20bf7f1a250fb69e68cb8bdad638/8.png
2589,2690,,,
2590,2691,,,
2591,2692,,,https://www.sqlhabit.com/rails/active_storage/blobs/eyJfcmFpbHMiOnsibWVzc2FnZSI6IkJBaHBJQT09IiwiZXhwIjpudWxsLCJwdXIiOiJibG9iX2lkIn19--566b12f5d6856cd83364a1bfb4f6fbe883529aa0/7.png
2578,2679,,"Fairy tale, Reference book, detECtivE, Speech, Textbook, Reference book, Metafiction",
2592,2693,,,https://www.sqlhabit.com/rails/active_storage/blobs/eyJfcmFpbHMiOnsibWVzc2FnZSI6IkJBaHBHZz09IiwiZXhwIjpudWxsLCJwdXIiOiJibG9iX2lkIn19--5166ad57ac056aefc264b6a008eef1c34ad269ca/1.png
2593,2694,,,
2594,2695,,"Metafiction, Fiction narrative, Mystery",
2595,2696,,,
2596,2697,,,https://www.sqlhabit.com/rails/active_storage/blobs/eyJfcmFpbHMiOnsibWVzc2FnZSI6IkJBaHBIQT09IiwiZXhwIjpudWxsLCJwdXIiOiJibG9iX2lkIn19--1739ecdc195d15b853796b15548de8bb5968bf4c/3.png
2597,2698,,,
2598,2699,,,https://www.sqlhabit.com/rails/active_storage/blobs/eyJfcmFpbHMiOnsibWVzc2FnZSI6IkJBaHBHZz09IiwiZXhwIjpudWxsLCJwdXIiOiJibG9iX2lkIn19--5166ad57ac056aefc264b6a008eef1c34ad269ca/1.png
2599,2700,,,
2600,2701,,,https://www.sqlhabit.com/rails/active_storage/blobs/eyJfcmFpbHMiOnsibWVzc2FnZSI6IkJBaHBIQT09IiwiZXhwIjpudWxsLCJwdXIiOiJibG9iX2lkIn19--1739ecdc195d15b853796b15548de8bb5968bf4c/3.png
2601,2702,,,
2602,2703,,,
2603,2704,,Tall tale,
2604,2705,,,https://www.sqlhabit.com/rails/active_storage/blobs/eyJfcmFpbHMiOnsibWVzc2FnZSI6IkJBaHBIUT09IiwiZXhwIjpudWxsLCJwdXIiOiJibG9iX2lkIn19--9fab9c52ff7fbdd2a561b7fb5bc6a47184baf243/4.png
2605,2706,,,
2636,2737,,,
2606,2707,,"Essay, Textbook",https://www.sqlhabit.com/rails/active_storage/blobs/eyJfcmFpbHMiOnsibWVzc2FnZSI6IkJBaHBIdz09IiwiZXhwIjpudWxsLCJwdXIiOiJibG9iX2lkIn19--01caff4e69b8a6ce1b3fff6e3a2d567a8298ad69/6.png
2607,2708,,,https://www.sqlhabit.com/rails/active_storage/blobs/eyJfcmFpbHMiOnsibWVzc2FnZSI6IkJBaHBJUT09IiwiZXhwIjpudWxsLCJwdXIiOiJibG9iX2lkIn19--f70703b100ea20bf7f1a250fb69e68cb8bdad638/8.png
2608,2709,,,
2609,2710,,,
2610,2711,,,
2611,2712,,,
2612,2713,Green juice letterpress scenester keytar tote bag.,"Western, Mystery, Western, Metafiction, Fiction in verse, Comic/Graphic Novel, Science fiction",
2613,2714,,,
2614,2715,,,
2615,2716,,,https://www.sqlhabit.com/rails/active_storage/blobs/eyJfcmFpbHMiOnsibWVzc2FnZSI6IkJBaHBIQT09IiwiZXhwIjpudWxsLCJwdXIiOiJibG9iX2lkIn19--1739ecdc195d15b853796b15548de8bb5968bf4c/3.png
2616,2717,,,
2617,2718,,,
2618,2719,,,
2619,2720,,,
2620,2721,,,https://www.sqlhabit.com/rails/active_storage/blobs/eyJfcmFpbHMiOnsibWVzc2FnZSI6IkJBaHBIdz09IiwiZXhwIjpudWxsLCJwdXIiOiJibG9iX2lkIn19--01caff4e69b8a6ce1b3fff6e3a2d567a8298ad69/6.png
2621,2722,,,https://www.sqlhabit.com/rails/active_storage/blobs/eyJfcmFpbHMiOnsibWVzc2FnZSI6IkJBaHBJUT09IiwiZXhwIjpudWxsLCJwdXIiOiJibG9iX2lkIn19--f70703b100ea20bf7f1a250fb69e68cb8bdad638/8.png
2622,2723,,,
2623,2724,,,
2624,2725,,,
2625,2726,,,
2626,2727,,,
2627,2728,,Textbook,
2628,2729,,,
2629,2730,,"Biography/Autobiography, Realistic fiction, Reference book, Comic/Graphic Novel, Fable",
2637,2738,,,https://www.sqlhabit.com/rails/active_storage/blobs/eyJfcmFpbHMiOnsibWVzc2FnZSI6IkJBaHBJUT09IiwiZXhwIjpudWxsLCJwdXIiOiJibG9iX2lkIn19--f70703b100ea20bf7f1a250fb69e68cb8bdad638/8.png
2631,2732,,,
2632,2733,,,https://www.sqlhabit.com/rails/active_storage/blobs/eyJfcmFpbHMiOnsibWVzc2FnZSI6IkJBaHBIUT09IiwiZXhwIjpudWxsLCJwdXIiOiJibG9iX2lkIn19--9fab9c52ff7fbdd2a561b7fb5bc6a47184baf243/4.png
2633,2734,,,
2634,2735,,,
2638,2739,,,
2645,2746,,,
2639,2740,Pug ugh vinegar authentic gastropub everyday.,,https://www.sqlhabit.com/rails/active_storage/blobs/eyJfcmFpbHMiOnsibWVzc2FnZSI6IkJBaHBJUT09IiwiZXhwIjpudWxsLCJwdXIiOiJibG9iX2lkIn19--f70703b100ea20bf7f1a250fb69e68cb8bdad638/8.png
2640,2741,,,https://www.sqlhabit.com/rails/active_storage/blobs/eyJfcmFpbHMiOnsibWVzc2FnZSI6IkJBaHBIZz09IiwiZXhwIjpudWxsLCJwdXIiOiJibG9iX2lkIn19--47b69278b64df027d8e99ce47de5de9f74465402/5.png
2641,2742,,,
2643,2744,,,https://www.sqlhabit.com/rails/active_storage/blobs/eyJfcmFpbHMiOnsibWVzc2FnZSI6IkJBaHBIdz09IiwiZXhwIjpudWxsLCJwdXIiOiJibG9iX2lkIn19--01caff4e69b8a6ce1b3fff6e3a2d567a8298ad69/6.png
2644,2745,,,
2646,2747,,"Speech, Metafiction, Essay, Essay, Classic, Legend, Mystery, Mythopoeia, Tall tale, Legend",
2647,2748,,,
2650,2751,,,
2648,2749,Blog authentic umami schlitz +1 master diy typewriter.,"Classic, Horror",
2649,2750,,,
2651,2752,,,https://www.sqlhabit.com/rails/active_storage/blobs/eyJfcmFpbHMiOnsibWVzc2FnZSI6IkJBaHBIUT09IiwiZXhwIjpudWxsLCJwdXIiOiJibG9iX2lkIn19--9fab9c52ff7fbdd2a561b7fb5bc6a47184baf243/4.png
2652,2753,,"Fable, Fiction in verse, Fable, Suspense/Thriller, Metafiction, Horror, Crime/Detective",
3026,3127,Try-hard helvetica humblebrag pour-over listicle chia 90's.,,
2653,2754,,,https://www.sqlhabit.com/rails/active_storage/blobs/eyJfcmFpbHMiOnsibWVzc2FnZSI6IkJBaHBHZz09IiwiZXhwIjpudWxsLCJwdXIiOiJibG9iX2lkIn19--5166ad57ac056aefc264b6a008eef1c34ad269ca/1.png
2654,2755,,,
2655,2756,,,
2656,2757,,,
2657,2758,Bushwick tilde leggings try-hard carry.,,
2658,2759,,,
2659,2760,,,
2711,2812,,,
2660,2761,,"Humor, Biography/Autobiography, Fable, Mythology, Legend, Fantasy",https://www.sqlhabit.com/rails/active_storage/blobs/eyJfcmFpbHMiOnsibWVzc2FnZSI6IkJBaHBJQT09IiwiZXhwIjpudWxsLCJwdXIiOiJibG9iX2lkIn19--566b12f5d6856cd83364a1bfb4f6fbe883529aa0/7.png
2661,2762,,,https://www.sqlhabit.com/rails/active_storage/blobs/eyJfcmFpbHMiOnsibWVzc2FnZSI6IkJBaHBJUT09IiwiZXhwIjpudWxsLCJwdXIiOiJibG9iX2lkIn19--f70703b100ea20bf7f1a250fb69e68cb8bdad638/8.png
2662,2763,,Fiction in verse,
2663,2764,,,
2664,2765,,,
2665,2766,,,
2642,2743,,"detective, Classic, Metafiction, Mystery, Realistic fiction, Tall tale, Narrative nonfiction, Fairy tale, Tall tale, Fanfiction, Fairy tale",
2666,2767,,,https://www.sqlhabit.com/rails/active_storage/blobs/eyJfcmFpbHMiOnsibWVzc2FnZSI6IkJBaHBIQT09IiwiZXhwIjpudWxsLCJwdXIiOiJibG9iX2lkIn19--1739ecdc195d15b853796b15548de8bb5968bf4c/3.png
2667,2768,,,
2668,2769,,,
2669,2770,,,
2670,2771,Bushwick you probably haven't heard of them listicle 8-bit beard microdosing.,,
2671,2772,,,
2672,2773,,,
2673,2774,,,
2674,2775,,,
2675,2776,,,
2676,2777,,,https://www.sqlhabit.com/rails/active_storage/blobs/eyJfcmFpbHMiOnsibWVzc2FnZSI6IkJBaHBJZz09IiwiZXhwIjpudWxsLCJwdXIiOiJibG9iX2lkIn19--9e023516979567505f2c9189681725e22020afa0/9.png
2677,2778,,,
2678,2779,,"Tall tale, Crime/Detective, Narrative nonfiction, Narrative nonfiction, Short story, Comic/Graphic Novel, Speech, Fiction in verse",
2679,2780,,,
2680,2781,,,
2681,2782,,,
2682,2783,,,https://www.sqlhabit.com/rails/active_storage/blobs/eyJfcmFpbHMiOnsibWVzc2FnZSI6IkJBaHBIZz09IiwiZXhwIjpudWxsLCJwdXIiOiJibG9iX2lkIn19--47b69278b64df027d8e99ce47de5de9f74465402/5.png
2683,2784,,,
2684,2785,,,
2685,2786,,,https://www.sqlhabit.com/rails/active_storage/blobs/eyJfcmFpbHMiOnsibWVzc2FnZSI6IkJBaHBIUT09IiwiZXhwIjpudWxsLCJwdXIiOiJibG9iX2lkIn19--9fab9c52ff7fbdd2a561b7fb5bc6a47184baf243/4.png
2686,2787,,,
2687,2788,,,
2688,2789,,,
2689,2790,,,
2690,2791,,,
2691,2792,,,https://www.sqlhabit.com/rails/active_storage/blobs/eyJfcmFpbHMiOnsibWVzc2FnZSI6IkJBaHBIQT09IiwiZXhwIjpudWxsLCJwdXIiOiJibG9iX2lkIn19--1739ecdc195d15b853796b15548de8bb5968bf4c/3.png
2692,2793,,,
2712,2813,,,
2693,2794,,"Crime/Detective, Fiction narrative, Tall tale, Short story, Western, Fantasy, Speech, Suspense/Thriller, Historical fiction",https://www.sqlhabit.com/rails/active_storage/blobs/eyJfcmFpbHMiOnsibWVzc2FnZSI6IkJBaHBHZz09IiwiZXhwIjpudWxsLCJwdXIiOiJibG9iX2lkIn19--5166ad57ac056aefc264b6a008eef1c34ad269ca/1.png
2694,2795,,,https://www.sqlhabit.com/rails/active_storage/blobs/eyJfcmFpbHMiOnsibWVzc2FnZSI6IkJBaHBIdz09IiwiZXhwIjpudWxsLCJwdXIiOiJibG9iX2lkIn19--01caff4e69b8a6ce1b3fff6e3a2d567a8298ad69/6.png
2695,2796,,,
2696,2797,Keffiyeh small batch hashtag polaroid.,,
2697,2798,Meggings franzen roof deep v paleo kogi tumblr.,,
2698,2799,,,https://www.sqlhabit.com/rails/active_storage/blobs/eyJfcmFpbHMiOnsibWVzc2FnZSI6IkJBaHBIQT09IiwiZXhwIjpudWxsLCJwdXIiOiJibG9iX2lkIn19--1739ecdc195d15b853796b15548de8bb5968bf4c/3.png
2699,2800,,,
2700,2801,,,https://www.sqlhabit.com/rails/active_storage/blobs/eyJfcmFpbHMiOnsibWVzc2FnZSI6IkJBaHBJZz09IiwiZXhwIjpudWxsLCJwdXIiOiJibG9iX2lkIn19--9e023516979567505f2c9189681725e22020afa0/9.png
2713,2814,,,
2701,2802,,"Horror, Realistic fiction, Folklore, Historical fiction, Suspense/Thriller, Classic",https://www.sqlhabit.com/rails/active_storage/blobs/eyJfcmFpbHMiOnsibWVzc2FnZSI6IkJBaHBIUT09IiwiZXhwIjpudWxsLCJwdXIiOiJibG9iX2lkIn19--9fab9c52ff7fbdd2a561b7fb5bc6a47184baf243/4.png
2702,2803,Meditation scenester pickled selvage kickstarter put a bird on it roof.,,
2703,2804,,,
2704,2805,,"Mystery, Fiction narrative, Suspense/Thriller, Speech, Narrative nonfiction, Speech, Essay, Reference book, Historical fiction, Legend",
2705,2806,,,
2706,2807,,,
2707,2808,,,
2708,2809,,,
2709,2810,,,
2710,2811,,,
2714,2815,,,
2715,2816,,,https://www.sqlhabit.com/rails/active_storage/blobs/eyJfcmFpbHMiOnsibWVzc2FnZSI6IkJBaHBJUT09IiwiZXhwIjpudWxsLCJwdXIiOiJibG9iX2lkIn19--f70703b100ea20bf7f1a250fb69e68cb8bdad638/8.png
2716,2817,,,https://www.sqlhabit.com/rails/active_storage/blobs/eyJfcmFpbHMiOnsibWVzc2FnZSI6IkJBaHBJdz09IiwiZXhwIjpudWxsLCJwdXIiOiJibG9iX2lkIn19--2829f497ead3a1a2d88ff434873233fb43ad5529/10.png
2717,2818,,,
2718,2819,,,
2719,2820,,,
2720,2821,,,https://www.sqlhabit.com/rails/active_storage/blobs/eyJfcmFpbHMiOnsibWVzc2FnZSI6IkJBaHBIZz09IiwiZXhwIjpudWxsLCJwdXIiOiJibG9iX2lkIn19--47b69278b64df027d8e99ce47de5de9f74465402/5.png
2721,2822,,,
2722,2823,,,
2723,2824,,,
2724,2825,,,https://www.sqlhabit.com/rails/active_storage/blobs/eyJfcmFpbHMiOnsibWVzc2FnZSI6IkJBaHBIUT09IiwiZXhwIjpudWxsLCJwdXIiOiJibG9iX2lkIn19--9fab9c52ff7fbdd2a561b7fb5bc6a47184baf243/4.png
2725,2826,,"Humor, Horror, Tall tale, Textbook, Metafiction, Fiction in verse, Humor, Comic/Graphic Novel",
2726,2827,,,https://www.sqlhabit.com/rails/active_storage/blobs/eyJfcmFpbHMiOnsibWVzc2FnZSI6IkJBaHBHZz09IiwiZXhwIjpudWxsLCJwdXIiOiJibG9iX2lkIn19--5166ad57ac056aefc264b6a008eef1c34ad269ca/1.png
2727,2828,,,
2728,2829,,,
2729,2830,,,
2730,2831,,,
2731,2832,,,
2732,2833,,,https://www.sqlhabit.com/rails/active_storage/blobs/eyJfcmFpbHMiOnsibWVzc2FnZSI6IkJBaHBIQT09IiwiZXhwIjpudWxsLCJwdXIiOiJibG9iX2lkIn19--1739ecdc195d15b853796b15548de8bb5968bf4c/3.png
2736,2837,,,https://www.sqlhabit.com/rails/active_storage/blobs/eyJfcmFpbHMiOnsibWVzc2FnZSI6IkJBaHBJZz09IiwiZXhwIjpudWxsLCJwdXIiOiJibG9iX2lkIn19--9e023516979567505f2c9189681725e22020afa0/9.png
2737,2838,,,
2738,2839,,,
2739,2840,,"Comic/Graphic Novel, Legend, Narrative nonfiction, Speech, Historical fiction, Tall tale, Biography/Autobiography, Fantasy",
2740,2841,,,
2741,2842,,,
2742,2843,,,
2743,2844,,,
2744,2845,,,https://www.sqlhabit.com/rails/active_storage/blobs/eyJfcmFpbHMiOnsibWVzc2FnZSI6IkJBaHBIZz09IiwiZXhwIjpudWxsLCJwdXIiOiJibG9iX2lkIn19--47b69278b64df027d8e99ce47de5de9f74465402/5.png
2745,2846,,,
2746,2847,,,
2747,2848,,,
2748,2849,,,https://www.sqlhabit.com/rails/active_storage/blobs/eyJfcmFpbHMiOnsibWVzc2FnZSI6IkJBaHBJQT09IiwiZXhwIjpudWxsLCJwdXIiOiJibG9iX2lkIn19--566b12f5d6856cd83364a1bfb4f6fbe883529aa0/7.png
2749,2850,,,
2750,2851,,"Tall tale, Legend, Fiction in verse, Classic, Fiction in verse, Folklore",
2751,2852,,,
2752,2853,,,https://www.sqlhabit.com/rails/active_storage/blobs/eyJfcmFpbHMiOnsibWVzc2FnZSI6IkJBaHBHZz09IiwiZXhwIjpudWxsLCJwdXIiOiJibG9iX2lkIn19--5166ad57ac056aefc264b6a008eef1c34ad269ca/1.png
2753,2854,,,
2754,2855,,,https://www.sqlhabit.com/rails/active_storage/blobs/eyJfcmFpbHMiOnsibWVzc2FnZSI6IkJBaHBJZz09IiwiZXhwIjpudWxsLCJwdXIiOiJibG9iX2lkIn19--9e023516979567505f2c9189681725e22020afa0/9.png
2755,2856,,,https://www.sqlhabit.com/rails/active_storage/blobs/eyJfcmFpbHMiOnsibWVzc2FnZSI6IkJBaHBJdz09IiwiZXhwIjpudWxsLCJwdXIiOiJibG9iX2lkIn19--2829f497ead3a1a2d88ff434873233fb43ad5529/10.png
2756,2857,,,
2757,2858,,,
2758,2859,,,
2800,2901,,,
2759,2860,Bespoke hashtag forage vhs sriracha blog kombucha.,,https://www.sqlhabit.com/rails/active_storage/blobs/eyJfcmFpbHMiOnsibWVzc2FnZSI6IkJBaHBHdz09IiwiZXhwIjpudWxsLCJwdXIiOiJibG9iX2lkIn19--2d432d0b1bf255f1970f58669100ce8a6f323212/2.png
2760,2861,,,
2761,2862,Cray scenester vinegar flexitarian.,,
2762,2863,,,
2763,2864,,,
2764,2865,,,
2765,2866,,,https://www.sqlhabit.com/rails/active_storage/blobs/eyJfcmFpbHMiOnsibWVzc2FnZSI6IkJBaHBIdz09IiwiZXhwIjpudWxsLCJwdXIiOiJibG9iX2lkIn19--01caff4e69b8a6ce1b3fff6e3a2d567a8298ad69/6.png
2766,2867,,,
2767,2868,,,
2768,2869,,,
2769,2870,,"Science fiction, Crime/Detective, Legend, Fable, Fairy tale, Fable, Legend, Narrative nonfiction",https://www.sqlhabit.com/rails/active_storage/blobs/eyJfcmFpbHMiOnsibWVzc2FnZSI6IkJBaHBHdz09IiwiZXhwIjpudWxsLCJwdXIiOiJibG9iX2lkIn19--2d432d0b1bf255f1970f58669100ce8a6f323212/2.png
2770,2871,,,
2771,2872,,,
2801,2902,,,https://www.sqlhabit.com/rails/active_storage/blobs/eyJfcmFpbHMiOnsibWVzc2FnZSI6IkJBaHBIUT09IiwiZXhwIjpudWxsLCJwdXIiOiJibG9iX2lkIn19--9fab9c52ff7fbdd2a561b7fb5bc6a47184baf243/4.png
2772,2873,Diy small batch paleo artisan banh mi beard mixtape williamsburg.,,https://www.sqlhabit.com/rails/active_storage/blobs/eyJfcmFpbHMiOnsibWVzc2FnZSI6IkJBaHBHZz09IiwiZXhwIjpudWxsLCJwdXIiOiJibG9iX2lkIn19--5166ad57ac056aefc264b6a008eef1c34ad269ca/1.png
2773,2874,,,
2774,2875,,,
2775,2876,,,
2776,2877,,,
2777,2878,,,
2778,2879,,,
2779,2880,,,
2780,2881,,,
2781,2882,,,https://www.sqlhabit.com/rails/active_storage/blobs/eyJfcmFpbHMiOnsibWVzc2FnZSI6IkJBaHBHdz09IiwiZXhwIjpudWxsLCJwdXIiOiJibG9iX2lkIn19--2d432d0b1bf255f1970f58669100ce8a6f323212/2.png
2782,2883,,,
2783,2884,,,
2784,2885,,,
2785,2886,,"Short story, Science fiction, Mystery, Short story, Essay",https://www.sqlhabit.com/rails/active_storage/blobs/eyJfcmFpbHMiOnsibWVzc2FnZSI6IkJBaHBIdz09IiwiZXhwIjpudWxsLCJwdXIiOiJibG9iX2lkIn19--01caff4e69b8a6ce1b3fff6e3a2d567a8298ad69/6.png
2786,2887,,,
2787,2888,,,
2788,2889,,,
2789,2890,,,
2790,2891,,,
2791,2892,,,
2792,2893,,,
2793,2894,,,
2794,2895,,,
2795,2896,,,
2796,2897,,,
2797,2898,,,
2802,2903,Artisan polaroid aesthetic meggings occupy pbr&b farm-to-table celiac.,,
2798,2899,Roof cardigan gentrify fingerstache health pickled brooklyn.,,https://www.sqlhabit.com/rails/active_storage/blobs/eyJfcmFpbHMiOnsibWVzc2FnZSI6IkJBaHBIQT09IiwiZXhwIjpudWxsLCJwdXIiOiJibG9iX2lkIn19--1739ecdc195d15b853796b15548de8bb5968bf4c/3.png
2799,2900,,,
2803,2904,,,
2804,2905,,,https://www.sqlhabit.com/rails/active_storage/blobs/eyJfcmFpbHMiOnsibWVzc2FnZSI6IkJBaHBIdz09IiwiZXhwIjpudWxsLCJwdXIiOiJibG9iX2lkIn19--01caff4e69b8a6ce1b3fff6e3a2d567a8298ad69/6.png
2805,2906,,,
2806,2907,,,
2808,2909,,"Speech, Realistic fiction, Essay, Mystery, Biography/Autobiography",
2807,2908,Next level pork belly lomo sriracha flexitarian biodiesel ugh tumblr kitsch.,,https://www.sqlhabit.com/rails/active_storage/blobs/eyJfcmFpbHMiOnsibWVzc2FnZSI6IkJBaHBJQT09IiwiZXhwIjpudWxsLCJwdXIiOiJibG9iX2lkIn19--566b12f5d6856cd83364a1bfb4f6fbe883529aa0/7.png
2810,2911,Mlkshk organic viral meggings pabst hella portland yuccie fixie.,,
2809,2910,Franzen pug retro williamsburg portland waistcoat semiotics.,,https://www.sqlhabit.com/rails/active_storage/blobs/eyJfcmFpbHMiOnsibWVzc2FnZSI6IkJBaHBIQT09IiwiZXhwIjpudWxsLCJwdXIiOiJibG9iX2lkIn19--1739ecdc195d15b853796b15548de8bb5968bf4c/3.png
2811,2912,,,
2812,2913,,,https://www.sqlhabit.com/rails/active_storage/blobs/eyJfcmFpbHMiOnsibWVzc2FnZSI6IkJBaHBJdz09IiwiZXhwIjpudWxsLCJwdXIiOiJibG9iX2lkIn19--2829f497ead3a1a2d88ff434873233fb43ad5529/10.png
2945,3046,,,
2944,3045,,,
2946,3047,,,https://www.sqlhabit.com/rails/active_storage/blobs/eyJfcmFpbHMiOnsibWVzc2FnZSI6IkJBaHBJdz09IiwiZXhwIjpudWxsLCJwdXIiOiJibG9iX2lkIn19--2829f497ead3a1a2d88ff434873233fb43ad5529/10.png
2813,2914,Vegan drinking master shoreditch microdosing offal ramps.,,https://www.sqlhabit.com/rails/active_storage/blobs/eyJfcmFpbHMiOnsibWVzc2FnZSI6IkJBaHBIUT09IiwiZXhwIjpudWxsLCJwdXIiOiJibG9iX2lkIn19--9fab9c52ff7fbdd2a561b7fb5bc6a47184baf243/4.png
2814,2915,,,
2815,2916,,,https://www.sqlhabit.com/rails/active_storage/blobs/eyJfcmFpbHMiOnsibWVzc2FnZSI6IkJBaHBIdz09IiwiZXhwIjpudWxsLCJwdXIiOiJibG9iX2lkIn19--01caff4e69b8a6ce1b3fff6e3a2d567a8298ad69/6.png
2816,2917,,"Fiction narrative, Speech, Fiction in verse, Narrative nonfiction, Legend",
2817,2918,,"Folklore, Biography/Autobiography",
2818,2919,,,
2819,2920,,,https://www.sqlhabit.com/rails/active_storage/blobs/eyJfcmFpbHMiOnsibWVzc2FnZSI6IkJBaHBJZz09IiwiZXhwIjpudWxsLCJwdXIiOiJibG9iX2lkIn19--9e023516979567505f2c9189681725e22020afa0/9.png
2820,2921,,,https://www.sqlhabit.com/rails/active_storage/blobs/eyJfcmFpbHMiOnsibWVzc2FnZSI6IkJBaHBJQT09IiwiZXhwIjpudWxsLCJwdXIiOiJibG9iX2lkIn19--566b12f5d6856cd83364a1bfb4f6fbe883529aa0/7.png
2857,2958,,,https://www.sqlhabit.com/rails/active_storage/blobs/eyJfcmFpbHMiOnsibWVzc2FnZSI6IkJBaHBJUT09IiwiZXhwIjpudWxsLCJwdXIiOiJibG9iX2lkIn19--f70703b100ea20bf7f1a250fb69e68cb8bdad638/8.png
2821,2922,,"Legend, Horror, Humor, Speech, Comic/Graphic Novel, Humor",https://www.sqlhabit.com/rails/active_storage/blobs/eyJfcmFpbHMiOnsibWVzc2FnZSI6IkJBaHBIdz09IiwiZXhwIjpudWxsLCJwdXIiOiJibG9iX2lkIn19--01caff4e69b8a6ce1b3fff6e3a2d567a8298ad69/6.png
2858,2959,,,
2822,2923,,Historical fiction,https://www.sqlhabit.com/rails/active_storage/blobs/eyJfcmFpbHMiOnsibWVzc2FnZSI6IkJBaHBJZz09IiwiZXhwIjpudWxsLCJwdXIiOiJibG9iX2lkIn19--9e023516979567505f2c9189681725e22020afa0/9.png
2823,2924,,,https://www.sqlhabit.com/rails/active_storage/blobs/eyJfcmFpbHMiOnsibWVzc2FnZSI6IkJBaHBIQT09IiwiZXhwIjpudWxsLCJwdXIiOiJibG9iX2lkIn19--1739ecdc195d15b853796b15548de8bb5968bf4c/3.png
2824,2925,,,https://www.sqlhabit.com/rails/active_storage/blobs/eyJfcmFpbHMiOnsibWVzc2FnZSI6IkJBaHBIUT09IiwiZXhwIjpudWxsLCJwdXIiOiJibG9iX2lkIn19--9fab9c52ff7fbdd2a561b7fb5bc6a47184baf243/4.png
2825,2926,,,https://www.sqlhabit.com/rails/active_storage/blobs/eyJfcmFpbHMiOnsibWVzc2FnZSI6IkJBaHBHZz09IiwiZXhwIjpudWxsLCJwdXIiOiJibG9iX2lkIn19--5166ad57ac056aefc264b6a008eef1c34ad269ca/1.png
2826,2927,,,
2827,2928,,,
2828,2929,,,https://www.sqlhabit.com/rails/active_storage/blobs/eyJfcmFpbHMiOnsibWVzc2FnZSI6IkJBaHBHZz09IiwiZXhwIjpudWxsLCJwdXIiOiJibG9iX2lkIn19--5166ad57ac056aefc264b6a008eef1c34ad269ca/1.png
2829,2930,,"Classic, Classic, Comic/Graphic Novel, Narrative nonfiction, Horror, Narrative nonfiction, Mythology, Comic/Graphic Novel",
2830,2931,,,
2831,2932,,,
2832,2933,,,https://www.sqlhabit.com/rails/active_storage/blobs/eyJfcmFpbHMiOnsibWVzc2FnZSI6IkJBaHBJUT09IiwiZXhwIjpudWxsLCJwdXIiOiJibG9iX2lkIn19--f70703b100ea20bf7f1a250fb69e68cb8bdad638/8.png
2833,2934,,,
2834,2935,,,https://www.sqlhabit.com/rails/active_storage/blobs/eyJfcmFpbHMiOnsibWVzc2FnZSI6IkJBaHBJZz09IiwiZXhwIjpudWxsLCJwdXIiOiJibG9iX2lkIn19--9e023516979567505f2c9189681725e22020afa0/9.png
2835,2936,,,https://www.sqlhabit.com/rails/active_storage/blobs/eyJfcmFpbHMiOnsibWVzc2FnZSI6IkJBaHBJZz09IiwiZXhwIjpudWxsLCJwdXIiOiJibG9iX2lkIn19--9e023516979567505f2c9189681725e22020afa0/9.png
2836,2937,,,
2837,2938,,,https://www.sqlhabit.com/rails/active_storage/blobs/eyJfcmFpbHMiOnsibWVzc2FnZSI6IkJBaHBJdz09IiwiZXhwIjpudWxsLCJwdXIiOiJibG9iX2lkIn19--2829f497ead3a1a2d88ff434873233fb43ad5529/10.png
2838,2939,,,
2839,2940,,,
2840,2941,,"Biography/Autobiography, Classic, Suspense/Thriller, Narrative nonfiction, Fiction narrative, Western",
2841,2942,,,
2859,2960,,,
2842,2943,,"Fiction in verse, Fable, Mythology, Classic, Suspense/Thriller, Tall tale, Mystery",https://www.sqlhabit.com/rails/active_storage/blobs/eyJfcmFpbHMiOnsibWVzc2FnZSI6IkJBaHBIdz09IiwiZXhwIjpudWxsLCJwdXIiOiJibG9iX2lkIn19--01caff4e69b8a6ce1b3fff6e3a2d567a8298ad69/6.png
2843,2944,,,
2844,2945,,,
2845,2946,,,
2846,2947,,,
2847,2948,,,
2848,2949,,,
2849,2950,,,https://www.sqlhabit.com/rails/active_storage/blobs/eyJfcmFpbHMiOnsibWVzc2FnZSI6IkJBaHBJdz09IiwiZXhwIjpudWxsLCJwdXIiOiJibG9iX2lkIn19--2829f497ead3a1a2d88ff434873233fb43ad5529/10.png
2850,2951,,,
2852,2953,,,
2853,2954,,,
2854,2955,,,https://www.sqlhabit.com/rails/active_storage/blobs/eyJfcmFpbHMiOnsibWVzc2FnZSI6IkJBaHBJQT09IiwiZXhwIjpudWxsLCJwdXIiOiJibG9iX2lkIn19--566b12f5d6856cd83364a1bfb4f6fbe883529aa0/7.png
2855,2956,,,
2856,2957,,,https://www.sqlhabit.com/rails/active_storage/blobs/eyJfcmFpbHMiOnsibWVzc2FnZSI6IkJBaHBJZz09IiwiZXhwIjpudWxsLCJwdXIiOiJibG9iX2lkIn19--9e023516979567505f2c9189681725e22020afa0/9.png
2860,2961,,,
2861,2962,,,https://www.sqlhabit.com/rails/active_storage/blobs/eyJfcmFpbHMiOnsibWVzc2FnZSI6IkJBaHBIdz09IiwiZXhwIjpudWxsLCJwdXIiOiJibG9iX2lkIn19--01caff4e69b8a6ce1b3fff6e3a2d567a8298ad69/6.png
2862,2963,,,
2863,2964,Shabby chic trust fund truffaut hammock chillwave brooklyn heirloom loko.,,
2864,2965,,,https://www.sqlhabit.com/rails/active_storage/blobs/eyJfcmFpbHMiOnsibWVzc2FnZSI6IkJBaHBJZz09IiwiZXhwIjpudWxsLCJwdXIiOiJibG9iX2lkIn19--9e023516979567505f2c9189681725e22020afa0/9.png
2865,2966,,,
2867,2968,Waistcoat cliche thundercats carry.,,
2866,2967,,"Classic, Fantasy, Folklore, Humor, Classic, Mystery, Metafiction, Tall tale, Reference book",https://www.sqlhabit.com/rails/active_storage/blobs/eyJfcmFpbHMiOnsibWVzc2FnZSI6IkJBaHBIUT09IiwiZXhwIjpudWxsLCJwdXIiOiJibG9iX2lkIn19--9fab9c52ff7fbdd2a561b7fb5bc6a47184baf243/4.png
2868,2969,,,
2869,2970,,,
2870,2971,,,
2871,2972,,,https://www.sqlhabit.com/rails/active_storage/blobs/eyJfcmFpbHMiOnsibWVzc2FnZSI6IkJBaHBIZz09IiwiZXhwIjpudWxsLCJwdXIiOiJibG9iX2lkIn19--47b69278b64df027d8e99ce47de5de9f74465402/5.png
2872,2973,,,
2873,2974,,,
2874,2975,,,https://www.sqlhabit.com/rails/active_storage/blobs/eyJfcmFpbHMiOnsibWVzc2FnZSI6IkJBaHBJZz09IiwiZXhwIjpudWxsLCJwdXIiOiJibG9iX2lkIn19--9e023516979567505f2c9189681725e22020afa0/9.png
2875,2976,,,https://www.sqlhabit.com/rails/active_storage/blobs/eyJfcmFpbHMiOnsibWVzc2FnZSI6IkJBaHBJZz09IiwiZXhwIjpudWxsLCJwdXIiOiJibG9iX2lkIn19--9e023516979567505f2c9189681725e22020afa0/9.png
2876,2977,,"Fanfiction, Reference book, Suspense/Thriller, Legend, Western",https://www.sqlhabit.com/rails/active_storage/blobs/eyJfcmFpbHMiOnsibWVzc2FnZSI6IkJBaHBJQT09IiwiZXhwIjpudWxsLCJwdXIiOiJibG9iX2lkIn19--566b12f5d6856cd83364a1bfb4f6fbe883529aa0/7.png
2877,2978,,,https://www.sqlhabit.com/rails/active_storage/blobs/eyJfcmFpbHMiOnsibWVzc2FnZSI6IkJBaHBIQT09IiwiZXhwIjpudWxsLCJwdXIiOiJibG9iX2lkIn19--1739ecdc195d15b853796b15548de8bb5968bf4c/3.png
2878,2979,,,
2880,2981,,,
2933,3034,,"Narrative nonfiction, Essay, Fantasy, Fanfiction, Fiction in verse, Reference book, Comic/Graphic Novel, Tall tale",
2881,2982,Ugh xoxo cronut 3 wolf moon austin you probably haven't heard of them green juice.,,https://www.sqlhabit.com/rails/active_storage/blobs/eyJfcmFpbHMiOnsibWVzc2FnZSI6IkJBaHBJQT09IiwiZXhwIjpudWxsLCJwdXIiOiJibG9iX2lkIn19--566b12f5d6856cd83364a1bfb4f6fbe883529aa0/7.png
2882,2983,,,https://www.sqlhabit.com/rails/active_storage/blobs/eyJfcmFpbHMiOnsibWVzc2FnZSI6IkJBaHBIUT09IiwiZXhwIjpudWxsLCJwdXIiOiJibG9iX2lkIn19--9fab9c52ff7fbdd2a561b7fb5bc6a47184baf243/4.png
2884,2985,,,https://www.sqlhabit.com/rails/active_storage/blobs/eyJfcmFpbHMiOnsibWVzc2FnZSI6IkJBaHBJdz09IiwiZXhwIjpudWxsLCJwdXIiOiJibG9iX2lkIn19--2829f497ead3a1a2d88ff434873233fb43ad5529/10.png
2885,2986,,,
2886,2987,,,
2887,2988,,Crime/Detective,
2888,2989,,,https://www.sqlhabit.com/rails/active_storage/blobs/eyJfcmFpbHMiOnsibWVzc2FnZSI6IkJBaHBJUT09IiwiZXhwIjpudWxsLCJwdXIiOiJibG9iX2lkIn19--f70703b100ea20bf7f1a250fb69e68cb8bdad638/8.png
2889,2990,,,
2890,2991,,,
2891,2992,,,
2892,2993,,,
2893,2994,,"Essay, Realistic fiction, Textbook, Historical fiction, Fairy tale, Metafiction, Fantasy",
2894,2995,,,
2895,2996,,,https://www.sqlhabit.com/rails/active_storage/blobs/eyJfcmFpbHMiOnsibWVzc2FnZSI6IkJBaHBJQT09IiwiZXhwIjpudWxsLCJwdXIiOiJibG9iX2lkIn19--566b12f5d6856cd83364a1bfb4f6fbe883529aa0/7.png
2896,2997,,,https://www.sqlhabit.com/rails/active_storage/blobs/eyJfcmFpbHMiOnsibWVzc2FnZSI6IkJBaHBIZz09IiwiZXhwIjpudWxsLCJwdXIiOiJibG9iX2lkIn19--47b69278b64df027d8e99ce47de5de9f74465402/5.png
2897,2998,,,
2898,2999,,,
2899,3000,,,https://www.sqlhabit.com/rails/active_storage/blobs/eyJfcmFpbHMiOnsibWVzc2FnZSI6IkJBaHBIdz09IiwiZXhwIjpudWxsLCJwdXIiOiJibG9iX2lkIn19--01caff4e69b8a6ce1b3fff6e3a2d567a8298ad69/6.png
2900,3001,,,
2901,3002,,,
2902,3003,,,
2903,3004,,,
2904,3005,,,
2905,3006,,,https://www.sqlhabit.com/rails/active_storage/blobs/eyJfcmFpbHMiOnsibWVzc2FnZSI6IkJBaHBIUT09IiwiZXhwIjpudWxsLCJwdXIiOiJibG9iX2lkIn19--9fab9c52ff7fbdd2a561b7fb5bc6a47184baf243/4.png
2906,3007,,"Crime/Detective, Comic/Graphic Novel, Classic",
2907,3008,,,
2908,3009,,,
2909,3010,,,
2910,3011,,,https://www.sqlhabit.com/rails/active_storage/blobs/eyJfcmFpbHMiOnsibWVzc2FnZSI6IkJBaHBJZz09IiwiZXhwIjpudWxsLCJwdXIiOiJibG9iX2lkIn19--9e023516979567505f2c9189681725e22020afa0/9.png
2911,3012,,,
2912,3013,,,
2913,3014,,,https://www.sqlhabit.com/rails/active_storage/blobs/eyJfcmFpbHMiOnsibWVzc2FnZSI6IkJBaHBJQT09IiwiZXhwIjpudWxsLCJwdXIiOiJibG9iX2lkIn19--566b12f5d6856cd83364a1bfb4f6fbe883529aa0/7.png
2914,3015,,,
2915,3016,,,
2916,3017,,,
2917,3018,,,https://www.sqlhabit.com/rails/active_storage/blobs/eyJfcmFpbHMiOnsibWVzc2FnZSI6IkJBaHBIUT09IiwiZXhwIjpudWxsLCJwdXIiOiJibG9iX2lkIn19--9fab9c52ff7fbdd2a561b7fb5bc6a47184baf243/4.png
2923,3024,,"Historical fiction, Mythopoeia",https://www.sqlhabit.com/rails/active_storage/blobs/eyJfcmFpbHMiOnsibWVzc2FnZSI6IkJBaHBJQT09IiwiZXhwIjpudWxsLCJwdXIiOiJibG9iX2lkIn19--566b12f5d6856cd83364a1bfb4f6fbe883529aa0/7.png
2918,3019,,"Mythology, Mythology, Mythopoeia, Reference book, Fanfiction",https://www.sqlhabit.com/rails/active_storage/blobs/eyJfcmFpbHMiOnsibWVzc2FnZSI6IkJBaHBIUT09IiwiZXhwIjpudWxsLCJwdXIiOiJibG9iX2lkIn19--9fab9c52ff7fbdd2a561b7fb5bc6a47184baf243/4.png
2919,3020,,,https://www.sqlhabit.com/rails/active_storage/blobs/eyJfcmFpbHMiOnsibWVzc2FnZSI6IkJBaHBIUT09IiwiZXhwIjpudWxsLCJwdXIiOiJibG9iX2lkIn19--9fab9c52ff7fbdd2a561b7fb5bc6a47184baf243/4.png
2920,3021,,,https://www.sqlhabit.com/rails/active_storage/blobs/eyJfcmFpbHMiOnsibWVzc2FnZSI6IkJBaHBHdz09IiwiZXhwIjpudWxsLCJwdXIiOiJibG9iX2lkIn19--2d432d0b1bf255f1970f58669100ce8a6f323212/2.png
2921,3022,,,https://www.sqlhabit.com/rails/active_storage/blobs/eyJfcmFpbHMiOnsibWVzc2FnZSI6IkJBaHBHdz09IiwiZXhwIjpudWxsLCJwdXIiOiJibG9iX2lkIn19--2d432d0b1bf255f1970f58669100ce8a6f323212/2.png
2922,3023,,,
2924,3025,,,https://www.sqlhabit.com/rails/active_storage/blobs/eyJfcmFpbHMiOnsibWVzc2FnZSI6IkJBaHBJQT09IiwiZXhwIjpudWxsLCJwdXIiOiJibG9iX2lkIn19--566b12f5d6856cd83364a1bfb4f6fbe883529aa0/7.png
2925,3026,,,
2926,3027,,,
2927,3028,,,
2928,3029,,,https://www.sqlhabit.com/rails/active_storage/blobs/eyJfcmFpbHMiOnsibWVzc2FnZSI6IkJBaHBJdz09IiwiZXhwIjpudWxsLCJwdXIiOiJibG9iX2lkIn19--2829f497ead3a1a2d88ff434873233fb43ad5529/10.png
2929,3030,,,
2930,3031,,,
2931,3032,,,
2932,3033,,,
2934,3035,,,https://www.sqlhabit.com/rails/active_storage/blobs/eyJfcmFpbHMiOnsibWVzc2FnZSI6IkJBaHBHZz09IiwiZXhwIjpudWxsLCJwdXIiOiJibG9iX2lkIn19--5166ad57ac056aefc264b6a008eef1c34ad269ca/1.png
2935,3036,,,
2936,3037,,,
2937,3038,,,
2938,3039,Selvage disrupt marfa master.,,
2939,3040,,,
2940,3041,Keffiyeh marfa 3 wolf moon irony you probably haven't heard of them lo-fi master mustache quinoa.,,
2941,3042,,,
2942,3043,,,
2943,3044,,,https://www.sqlhabit.com/rails/active_storage/blobs/eyJfcmFpbHMiOnsibWVzc2FnZSI6IkJBaHBIQT09IiwiZXhwIjpudWxsLCJwdXIiOiJibG9iX2lkIn19--1739ecdc195d15b853796b15548de8bb5968bf4c/3.png
3027,3128,,"Legend, Reference book, Science fiction, Fable, Realistic fiction, Mystery",https://www.sqlhabit.com/rails/active_storage/blobs/eyJfcmFpbHMiOnsibWVzc2FnZSI6IkJBaHBHdz09IiwiZXhwIjpudWxsLCJwdXIiOiJibG9iX2lkIn19--2d432d0b1bf255f1970f58669100ce8a6f323212/2.png
3028,3129,,,
3029,3130,,,
3030,3131,,,https://www.sqlhabit.com/rails/active_storage/blobs/eyJfcmFpbHMiOnsibWVzc2FnZSI6IkJBaHBIdz09IiwiZXhwIjpudWxsLCJwdXIiOiJibG9iX2lkIn19--01caff4e69b8a6ce1b3fff6e3a2d567a8298ad69/6.png
3031,3132,,,
3032,3133,,,
3033,3134,,,
3034,3135,,,
3035,3136,,,
3036,3137,,"Horror, Mythopoeia, Fairy tale, Classic",
3037,3138,,,
3038,3139,,,https://www.sqlhabit.com/rails/active_storage/blobs/eyJfcmFpbHMiOnsibWVzc2FnZSI6IkJBaHBIQT09IiwiZXhwIjpudWxsLCJwdXIiOiJibG9iX2lkIn19--1739ecdc195d15b853796b15548de8bb5968bf4c/3.png
3039,3140,,,
3040,3141,,,
3041,3142,,,https://www.sqlhabit.com/rails/active_storage/blobs/eyJfcmFpbHMiOnsibWVzc2FnZSI6IkJBaHBIUT09IiwiZXhwIjpudWxsLCJwdXIiOiJibG9iX2lkIn19--9fab9c52ff7fbdd2a561b7fb5bc6a47184baf243/4.png
3042,3143,,,
3043,3144,,,https://www.sqlhabit.com/rails/active_storage/blobs/eyJfcmFpbHMiOnsibWVzc2FnZSI6IkJBaHBIdz09IiwiZXhwIjpudWxsLCJwdXIiOiJibG9iX2lkIn19--01caff4e69b8a6ce1b3fff6e3a2d567a8298ad69/6.png
3044,3145,,,
3051,3152,,,https://www.sqlhabit.com/rails/active_storage/blobs/eyJfcmFpbHMiOnsibWVzc2FnZSI6IkJBaHBHZz09IiwiZXhwIjpudWxsLCJwdXIiOiJibG9iX2lkIn19--5166ad57ac056aefc264b6a008eef1c34ad269ca/1.png
3052,3153,,"Essay, Short story, Horror, Fable, Classic, Crime/Detective, Textbook, Science fiction, Narrative nonfiction, Speech",
3053,3154,,,
3054,3155,,,
3055,3156,,,
3056,3157,,,https://www.sqlhabit.com/rails/active_storage/blobs/eyJfcmFpbHMiOnsibWVzc2FnZSI6IkJBaHBJdz09IiwiZXhwIjpudWxsLCJwdXIiOiJibG9iX2lkIn19--2829f497ead3a1a2d88ff434873233fb43ad5529/10.png
3057,3158,,,https://www.sqlhabit.com/rails/active_storage/blobs/eyJfcmFpbHMiOnsibWVzc2FnZSI6IkJBaHBJdz09IiwiZXhwIjpudWxsLCJwdXIiOiJibG9iX2lkIn19--2829f497ead3a1a2d88ff434873233fb43ad5529/10.png
3058,3159,,,
3059,3160,,,
3060,3161,,,
3061,3162,,,
3062,3163,,,
3063,3164,,,
3064,3165,,,
3065,3166,,,
3066,3167,,,
3067,3168,,,
3068,3169,,,
3069,3170,,,
3071,3172,,,
3072,3173,,,https://www.sqlhabit.com/rails/active_storage/blobs/eyJfcmFpbHMiOnsibWVzc2FnZSI6IkJBaHBIUT09IiwiZXhwIjpudWxsLCJwdXIiOiJibG9iX2lkIn19--9fab9c52ff7fbdd2a561b7fb5bc6a47184baf243/4.png
3073,3174,,,
3074,3175,,,
3075,3176,,,
3076,3177,,,
3077,3178,,,
3078,3179,,,
3079,3180,,,https://www.sqlhabit.com/rails/active_storage/blobs/eyJfcmFpbHMiOnsibWVzc2FnZSI6IkJBaHBIQT09IiwiZXhwIjpudWxsLCJwdXIiOiJibG9iX2lkIn19--1739ecdc195d15b853796b15548de8bb5968bf4c/3.png
3080,3181,Bicycle rights gluten-free heirloom cray 3 wolf moon fashion axe.,,
3081,3182,,,https://www.sqlhabit.com/rails/active_storage/blobs/eyJfcmFpbHMiOnsibWVzc2FnZSI6IkJBaHBIZz09IiwiZXhwIjpudWxsLCJwdXIiOiJibG9iX2lkIn19--47b69278b64df027d8e99ce47de5de9f74465402/5.png
3082,3183,,,
3083,3184,,,
3084,3185,,,
3085,3186,Bitters hella vegan distillery synth.,,https://www.sqlhabit.com/rails/active_storage/blobs/eyJfcmFpbHMiOnsibWVzc2FnZSI6IkJBaHBHZz09IiwiZXhwIjpudWxsLCJwdXIiOiJibG9iX2lkIn19--5166ad57ac056aefc264b6a008eef1c34ad269ca/1.png
3086,3187,,,
3087,3188,,,https://www.sqlhabit.com/rails/active_storage/blobs/eyJfcmFpbHMiOnsibWVzc2FnZSI6IkJBaHBJUT09IiwiZXhwIjpudWxsLCJwdXIiOiJibG9iX2lkIn19--f70703b100ea20bf7f1a250fb69e68cb8bdad638/8.png
3088,3189,,,
3089,3190,,,https://www.sqlhabit.com/rails/active_storage/blobs/eyJfcmFpbHMiOnsibWVzc2FnZSI6IkJBaHBIUT09IiwiZXhwIjpudWxsLCJwdXIiOiJibG9iX2lkIn19--9fab9c52ff7fbdd2a561b7fb5bc6a47184baf243/4.png
3090,3191,,"Tall tale, Fiction narrative, Humor, Speech, Horror",
3091,3192,,Textbook,
3092,3193,,,
3093,3194,,,
3094,3195,,,
3095,3196,,,
3102,3203,,,
3096,3197,Tacos forage ennui health post-ironic selfies plaid.,,https://www.sqlhabit.com/rails/active_storage/blobs/eyJfcmFpbHMiOnsibWVzc2FnZSI6IkJBaHBHZz09IiwiZXhwIjpudWxsLCJwdXIiOiJibG9iX2lkIn19--5166ad57ac056aefc264b6a008eef1c34ad269ca/1.png
3097,3198,,,
3098,3199,,,
3100,3201,,"Realistic fiction, Speech, Classic, Mythology, Essay, Crime/Detective, Mythology",https://www.sqlhabit.com/rails/active_storage/blobs/eyJfcmFpbHMiOnsibWVzc2FnZSI6IkJBaHBJdz09IiwiZXhwIjpudWxsLCJwdXIiOiJibG9iX2lkIn19--2829f497ead3a1a2d88ff434873233fb43ad5529/10.png
3099,3200,,"Historical fiction, Suspense/Thriller, Fanfiction, Suspense/Thriller, Fairy tale, Essay",https://www.sqlhabit.com/rails/active_storage/blobs/eyJfcmFpbHMiOnsibWVzc2FnZSI6IkJBaHBHdz09IiwiZXhwIjpudWxsLCJwdXIiOiJibG9iX2lkIn19--2d432d0b1bf255f1970f58669100ce8a6f323212/2.png
3101,3202,,,
3103,3204,,,
3104,3205,,,
3105,3206,,,
3106,3207,,,https://www.sqlhabit.com/rails/active_storage/blobs/eyJfcmFpbHMiOnsibWVzc2FnZSI6IkJBaHBJQT09IiwiZXhwIjpudWxsLCJwdXIiOiJibG9iX2lkIn19--566b12f5d6856cd83364a1bfb4f6fbe883529aa0/7.png
3107,3208,,,https://www.sqlhabit.com/rails/active_storage/blobs/eyJfcmFpbHMiOnsibWVzc2FnZSI6IkJBaHBJdz09IiwiZXhwIjpudWxsLCJwdXIiOiJibG9iX2lkIn19--2829f497ead3a1a2d88ff434873233fb43ad5529/10.png
3108,3209,,,https://www.sqlhabit.com/rails/active_storage/blobs/eyJfcmFpbHMiOnsibWVzc2FnZSI6IkJBaHBJZz09IiwiZXhwIjpudWxsLCJwdXIiOiJibG9iX2lkIn19--9e023516979567505f2c9189681725e22020afa0/9.png
3109,3210,,"Fiction in verse, Suspense/Thriller, Mythology, Tall tale, Science fiction, Tall tale, Fiction narrative, Fanfiction, Mythopoeia, Biography/Autobiography",
3110,3211,,,
3111,3212,,,https://www.sqlhabit.com/rails/active_storage/blobs/eyJfcmFpbHMiOnsibWVzc2FnZSI6IkJBaHBJUT09IiwiZXhwIjpudWxsLCJwdXIiOiJibG9iX2lkIn19--f70703b100ea20bf7f1a250fb69e68cb8bdad638/8.png
3158,3259,,,
3112,3213,,"Tall tale, Fiction narrative, Narrative nonfiction, Mythopoeia, Biography/Autobiography, Fable, Horror, Suspense/Thriller",https://www.sqlhabit.com/rails/active_storage/blobs/eyJfcmFpbHMiOnsibWVzc2FnZSI6IkJBaHBJdz09IiwiZXhwIjpudWxsLCJwdXIiOiJibG9iX2lkIn19--2829f497ead3a1a2d88ff434873233fb43ad5529/10.png
3114,3215,,,https://www.sqlhabit.com/rails/active_storage/blobs/eyJfcmFpbHMiOnsibWVzc2FnZSI6IkJBaHBHdz09IiwiZXhwIjpudWxsLCJwdXIiOiJibG9iX2lkIn19--2d432d0b1bf255f1970f58669100ce8a6f323212/2.png
3115,3216,,,
3116,3217,,,
3117,3218,,,
3118,3219,,,
3119,3220,,,
3120,3221,,,
3121,3222,,,
3122,3223,,,
3123,3224,,,https://www.sqlhabit.com/rails/active_storage/blobs/eyJfcmFpbHMiOnsibWVzc2FnZSI6IkJBaHBJdz09IiwiZXhwIjpudWxsLCJwdXIiOiJibG9iX2lkIn19--2829f497ead3a1a2d88ff434873233fb43ad5529/10.png
3159,3260,,,
3124,3225,,Western,https://www.sqlhabit.com/rails/active_storage/blobs/eyJfcmFpbHMiOnsibWVzc2FnZSI6IkJBaHBHdz09IiwiZXhwIjpudWxsLCJwdXIiOiJibG9iX2lkIn19--2d432d0b1bf255f1970f58669100ce8a6f323212/2.png
3125,3226,,,
3126,3227,,,
3127,3228,,,
3128,3229,,,
3129,3230,,,
3130,3231,,,https://www.sqlhabit.com/rails/active_storage/blobs/eyJfcmFpbHMiOnsibWVzc2FnZSI6IkJBaHBJZz09IiwiZXhwIjpudWxsLCJwdXIiOiJibG9iX2lkIn19--9e023516979567505f2c9189681725e22020afa0/9.png
3131,3232,,,
3132,3233,,Fiction in verse,
3160,3261,,,
3133,3234,,"Fairy tale, Essay, Narrative nonfiction, Suspense/Thriller, Comic/Graphic Novel, Mythology",https://www.sqlhabit.com/rails/active_storage/blobs/eyJfcmFpbHMiOnsibWVzc2FnZSI6IkJBaHBHdz09IiwiZXhwIjpudWxsLCJwdXIiOiJibG9iX2lkIn19--2d432d0b1bf255f1970f58669100ce8a6f323212/2.png
3134,3235,,,
3135,3236,,,https://www.sqlhabit.com/rails/active_storage/blobs/eyJfcmFpbHMiOnsibWVzc2FnZSI6IkJBaHBJZz09IiwiZXhwIjpudWxsLCJwdXIiOiJibG9iX2lkIn19--9e023516979567505f2c9189681725e22020afa0/9.png
3136,3237,,,
3161,3262,,,
3137,3238,Cardigan microdosing iphone direct trade butcher vegan 3 wolf moon.,,https://www.sqlhabit.com/rails/active_storage/blobs/eyJfcmFpbHMiOnsibWVzc2FnZSI6IkJBaHBHdz09IiwiZXhwIjpudWxsLCJwdXIiOiJibG9iX2lkIn19--2d432d0b1bf255f1970f58669100ce8a6f323212/2.png
3138,3239,,,https://www.sqlhabit.com/rails/active_storage/blobs/eyJfcmFpbHMiOnsibWVzc2FnZSI6IkJBaHBIQT09IiwiZXhwIjpudWxsLCJwdXIiOiJibG9iX2lkIn19--1739ecdc195d15b853796b15548de8bb5968bf4c/3.png
3139,3240,,,
3140,3241,,,
3141,3242,,,https://www.sqlhabit.com/rails/active_storage/blobs/eyJfcmFpbHMiOnsibWVzc2FnZSI6IkJBaHBJdz09IiwiZXhwIjpudWxsLCJwdXIiOiJibG9iX2lkIn19--2829f497ead3a1a2d88ff434873233fb43ad5529/10.png
3142,3243,,,https://www.sqlhabit.com/rails/active_storage/blobs/eyJfcmFpbHMiOnsibWVzc2FnZSI6IkJBaHBJZz09IiwiZXhwIjpudWxsLCJwdXIiOiJibG9iX2lkIn19--9e023516979567505f2c9189681725e22020afa0/9.png
3143,3244,,,
3144,3245,,,https://www.sqlhabit.com/rails/active_storage/blobs/eyJfcmFpbHMiOnsibWVzc2FnZSI6IkJBaHBHdz09IiwiZXhwIjpudWxsLCJwdXIiOiJibG9iX2lkIn19--2d432d0b1bf255f1970f58669100ce8a6f323212/2.png
3145,3246,,,
3146,3247,,,
3147,3248,,,
3148,3249,,,
3162,3263,,,
3149,3250,,Essay,https://www.sqlhabit.com/rails/active_storage/blobs/eyJfcmFpbHMiOnsibWVzc2FnZSI6IkJBaHBIQT09IiwiZXhwIjpudWxsLCJwdXIiOiJibG9iX2lkIn19--1739ecdc195d15b853796b15548de8bb5968bf4c/3.png
3150,3251,,,
3151,3252,,,
3152,3253,,,
3153,3254,,,
3154,3255,,,https://www.sqlhabit.com/rails/active_storage/blobs/eyJfcmFpbHMiOnsibWVzc2FnZSI6IkJBaHBHdz09IiwiZXhwIjpudWxsLCJwdXIiOiJibG9iX2lkIn19--2d432d0b1bf255f1970f58669100ce8a6f323212/2.png
3155,3256,,,
3156,3257,,,https://www.sqlhabit.com/rails/active_storage/blobs/eyJfcmFpbHMiOnsibWVzc2FnZSI6IkJBaHBJZz09IiwiZXhwIjpudWxsLCJwdXIiOiJibG9iX2lkIn19--9e023516979567505f2c9189681725e22020afa0/9.png
3157,3258,,,
3163,3264,,,
3164,3265,,,
3165,3266,,"Essay, Reference book, Folklore, Crime/Detective, Tall tale, Legend, Western, Historical fiction, Crime/Detective",https://www.sqlhabit.com/rails/active_storage/blobs/eyJfcmFpbHMiOnsibWVzc2FnZSI6IkJBaHBIUT09IiwiZXhwIjpudWxsLCJwdXIiOiJibG9iX2lkIn19--9fab9c52ff7fbdd2a561b7fb5bc6a47184baf243/4.png
3166,3267,,,
3169,3270,,,https://www.sqlhabit.com/rails/active_storage/blobs/eyJfcmFpbHMiOnsibWVzc2FnZSI6IkJBaHBJdz09IiwiZXhwIjpudWxsLCJwdXIiOiJibG9iX2lkIn19--2829f497ead3a1a2d88ff434873233fb43ad5529/10.png
3167,3268,,"Fiction in verse, Mystery, Short story, Biography/Autobiography, Folklore, Narrative nonfiction, Crime/Detective, Fiction narrative, Narrative nonfiction",https://www.sqlhabit.com/rails/active_storage/blobs/eyJfcmFpbHMiOnsibWVzc2FnZSI6IkJBaHBIUT09IiwiZXhwIjpudWxsLCJwdXIiOiJibG9iX2lkIn19--9fab9c52ff7fbdd2a561b7fb5bc6a47184baf243/4.png
3168,3269,,,
3170,3271,,,https://www.sqlhabit.com/rails/active_storage/blobs/eyJfcmFpbHMiOnsibWVzc2FnZSI6IkJBaHBHZz09IiwiZXhwIjpudWxsLCJwdXIiOiJibG9iX2lkIn19--5166ad57ac056aefc264b6a008eef1c34ad269ca/1.png
3171,3272,,,https://www.sqlhabit.com/rails/active_storage/blobs/eyJfcmFpbHMiOnsibWVzc2FnZSI6IkJBaHBIUT09IiwiZXhwIjpudWxsLCJwdXIiOiJibG9iX2lkIn19--9fab9c52ff7fbdd2a561b7fb5bc6a47184baf243/4.png
3172,3273,,,
3173,3274,,,
3174,3275,,,
3267,3368,,,https://www.sqlhabit.com/rails/active_storage/blobs/eyJfcmFpbHMiOnsibWVzc2FnZSI6IkJBaHBJdz09IiwiZXhwIjpudWxsLCJwdXIiOiJibG9iX2lkIn19--2829f497ead3a1a2d88ff434873233fb43ad5529/10.png
3268,3369,,Textbook,
3269,3370,,,
3270,3371,,,
3271,3372,,,
3175,3276,,"Fiction in verse, Reference book, Folklore, Comic/Graphic Novel",https://www.sqlhabit.com/rails/active_storage/blobs/eyJfcmFpbHMiOnsibWVzc2FnZSI6IkJBaHBIQT09IiwiZXhwIjpudWxsLCJwdXIiOiJibG9iX2lkIn19--1739ecdc195d15b853796b15548de8bb5968bf4c/3.png
3176,3277,,,
3177,3278,,,
3178,3279,,,https://www.sqlhabit.com/rails/active_storage/blobs/eyJfcmFpbHMiOnsibWVzc2FnZSI6IkJBaHBIdz09IiwiZXhwIjpudWxsLCJwdXIiOiJibG9iX2lkIn19--01caff4e69b8a6ce1b3fff6e3a2d567a8298ad69/6.png
3179,3280,,,
3180,3281,,,
3236,3337,,,https://www.sqlhabit.com/rails/active_storage/blobs/eyJfcmFpbHMiOnsibWVzc2FnZSI6IkJBaHBJdz09IiwiZXhwIjpudWxsLCJwdXIiOiJibG9iX2lkIn19--2829f497ead3a1a2d88ff434873233fb43ad5529/10.png
3181,3282,Distillery kinfolk flexitarian portland blue bottle.,,https://www.sqlhabit.com/rails/active_storage/blobs/eyJfcmFpbHMiOnsibWVzc2FnZSI6IkJBaHBIZz09IiwiZXhwIjpudWxsLCJwdXIiOiJibG9iX2lkIn19--47b69278b64df027d8e99ce47de5de9f74465402/5.png
3182,3283,,,
3183,3284,,,
3184,3285,,,
3185,3286,,,https://www.sqlhabit.com/rails/active_storage/blobs/eyJfcmFpbHMiOnsibWVzc2FnZSI6IkJBaHBJZz09IiwiZXhwIjpudWxsLCJwdXIiOiJibG9iX2lkIn19--9e023516979567505f2c9189681725e22020afa0/9.png
3186,3287,,,https://www.sqlhabit.com/rails/active_storage/blobs/eyJfcmFpbHMiOnsibWVzc2FnZSI6IkJBaHBIQT09IiwiZXhwIjpudWxsLCJwdXIiOiJibG9iX2lkIn19--1739ecdc195d15b853796b15548de8bb5968bf4c/3.png
3187,3288,,,
3188,3289,,,
3237,3338,,,
3189,3290,Listicle shoreditch 8-bit hashtag yr farm-to-table.,,https://www.sqlhabit.com/rails/active_storage/blobs/eyJfcmFpbHMiOnsibWVzc2FnZSI6IkJBaHBIUT09IiwiZXhwIjpudWxsLCJwdXIiOiJibG9iX2lkIn19--9fab9c52ff7fbdd2a561b7fb5bc6a47184baf243/4.png
3190,3291,,,
3191,3292,,,
3192,3293,,,
3193,3294,,,
3195,3296,,"Crime/Detective, Classic, Comic/Graphic Novel, Speech, Reference book",https://www.sqlhabit.com/rails/active_storage/blobs/eyJfcmFpbHMiOnsibWVzc2FnZSI6IkJBaHBJdz09IiwiZXhwIjpudWxsLCJwdXIiOiJibG9iX2lkIn19--2829f497ead3a1a2d88ff434873233fb43ad5529/10.png
3196,3297,,,
3197,3298,,,
3198,3299,,,
3199,3300,,,
3200,3301,,,
3201,3302,,,
3202,3303,,,https://www.sqlhabit.com/rails/active_storage/blobs/eyJfcmFpbHMiOnsibWVzc2FnZSI6IkJBaHBIZz09IiwiZXhwIjpudWxsLCJwdXIiOiJibG9iX2lkIn19--47b69278b64df027d8e99ce47de5de9f74465402/5.png
3203,3304,,,
3204,3305,,,
3205,3306,,,
3206,3307,,,
3207,3308,,,
3208,3309,,,
3209,3310,,,https://www.sqlhabit.com/rails/active_storage/blobs/eyJfcmFpbHMiOnsibWVzc2FnZSI6IkJBaHBHdz09IiwiZXhwIjpudWxsLCJwdXIiOiJibG9iX2lkIn19--2d432d0b1bf255f1970f58669100ce8a6f323212/2.png
3210,3311,,,
3211,3312,Ugh loko goth pour-over stumptown tousled tumblr vegan.,,
3212,3313,,,
3213,3314,,,
3214,3315,,,
3215,3316,,,
3216,3317,,,
3217,3318,,,https://www.sqlhabit.com/rails/active_storage/blobs/eyJfcmFpbHMiOnsibWVzc2FnZSI6IkJBaHBIdz09IiwiZXhwIjpudWxsLCJwdXIiOiJibG9iX2lkIn19--01caff4e69b8a6ce1b3fff6e3a2d567a8298ad69/6.png
3218,3319,,"Fanfiction, Metafiction, Textbook, Metafiction, Legend, Short story",
3219,3320,,,
3220,3321,,,
3221,3322,,,
3222,3323,,,
3223,3324,,,
3224,3325,,,
3225,3326,,,https://www.sqlhabit.com/rails/active_storage/blobs/eyJfcmFpbHMiOnsibWVzc2FnZSI6IkJBaHBIZz09IiwiZXhwIjpudWxsLCJwdXIiOiJibG9iX2lkIn19--47b69278b64df027d8e99ce47de5de9f74465402/5.png
3226,3327,,,
3227,3328,,,https://www.sqlhabit.com/rails/active_storage/blobs/eyJfcmFpbHMiOnsibWVzc2FnZSI6IkJBaHBJQT09IiwiZXhwIjpudWxsLCJwdXIiOiJibG9iX2lkIn19--566b12f5d6856cd83364a1bfb4f6fbe883529aa0/7.png
3228,3329,,,https://www.sqlhabit.com/rails/active_storage/blobs/eyJfcmFpbHMiOnsibWVzc2FnZSI6IkJBaHBHZz09IiwiZXhwIjpudWxsLCJwdXIiOiJibG9iX2lkIn19--5166ad57ac056aefc264b6a008eef1c34ad269ca/1.png
3229,3330,,,
3230,3331,,,
3231,3332,,,
3232,3333,,,
3239,3340,,,
3233,3334,Art party viral chambray pop-up cornhole venmo chartreuse thundercats.,,https://www.sqlhabit.com/rails/active_storage/blobs/eyJfcmFpbHMiOnsibWVzc2FnZSI6IkJBaHBJUT09IiwiZXhwIjpudWxsLCJwdXIiOiJibG9iX2lkIn19--f70703b100ea20bf7f1a250fb69e68cb8bdad638/8.png
3234,3335,,,
3235,3336,,,https://www.sqlhabit.com/rails/active_storage/blobs/eyJfcmFpbHMiOnsibWVzc2FnZSI6IkJBaHBJQT09IiwiZXhwIjpudWxsLCJwdXIiOiJibG9iX2lkIn19--566b12f5d6856cd83364a1bfb4f6fbe883529aa0/7.png
3240,3341,,,
3241,3342,,,
3242,3343,,,
3243,3344,,,
3244,3345,,,
3245,3346,,,https://www.sqlhabit.com/rails/active_storage/blobs/eyJfcmFpbHMiOnsibWVzc2FnZSI6IkJBaHBJZz09IiwiZXhwIjpudWxsLCJwdXIiOiJibG9iX2lkIn19--9e023516979567505f2c9189681725e22020afa0/9.png
3246,3347,,,
3247,3348,,,
3248,3349,,,
3249,3350,,,
3250,3351,,,
3251,3352,,"Tall tale, Mythology, Fantasy, Essay",
3252,3353,,,
3253,3354,,,
3254,3355,,,https://www.sqlhabit.com/rails/active_storage/blobs/eyJfcmFpbHMiOnsibWVzc2FnZSI6IkJBaHBHZz09IiwiZXhwIjpudWxsLCJwdXIiOiJibG9iX2lkIn19--5166ad57ac056aefc264b6a008eef1c34ad269ca/1.png
3255,3356,,,
3256,3357,,,
3257,3358,,,
3258,3359,,,https://www.sqlhabit.com/rails/active_storage/blobs/eyJfcmFpbHMiOnsibWVzc2FnZSI6IkJBaHBIQT09IiwiZXhwIjpudWxsLCJwdXIiOiJibG9iX2lkIn19--1739ecdc195d15b853796b15548de8bb5968bf4c/3.png
3259,3360,,,
3260,3361,,,
3261,3362,,,
3262,3363,,,
3263,3364,,,
3264,3365,,,
3265,3366,,,
3266,3367,,,
3272,3373,Quinoa taxidermy 3 wolf moon tacos.,,
3273,3374,,,https://www.sqlhabit.com/rails/active_storage/blobs/eyJfcmFpbHMiOnsibWVzc2FnZSI6IkJBaHBIZz09IiwiZXhwIjpudWxsLCJwdXIiOiJibG9iX2lkIn19--47b69278b64df027d8e99ce47de5de9f74465402/5.png
3274,3375,,,
3275,3376,,,
3276,3377,,,
3277,3378,,,
3278,3379,,,
3279,3380,,"Horror, Humor, Folklore, Crime/Detective, Fantasy, Biography/Autobiography",
3280,3381,,,
3281,3382,,,
3282,3383,,,https://www.sqlhabit.com/rails/active_storage/blobs/eyJfcmFpbHMiOnsibWVzc2FnZSI6IkJBaHBJUT09IiwiZXhwIjpudWxsLCJwdXIiOiJibG9iX2lkIn19--f70703b100ea20bf7f1a250fb69e68cb8bdad638/8.png
3283,3384,,"Short story, Comic/Graphic Novel, Horror, Mythology, Horror, Fable, Fable, Folklore, Fanfiction, Western",https://www.sqlhabit.com/rails/active_storage/blobs/eyJfcmFpbHMiOnsibWVzc2FnZSI6IkJBaHBHdz09IiwiZXhwIjpudWxsLCJwdXIiOiJibG9iX2lkIn19--2d432d0b1bf255f1970f58669100ce8a6f323212/2.png
3284,3385,,,
3285,3386,,,
3286,3387,Church-key lumbersexual mumblecore banjo diy chia 3 wolf moon sustainable irony.,,
3287,3388,,,https://www.sqlhabit.com/rails/active_storage/blobs/eyJfcmFpbHMiOnsibWVzc2FnZSI6IkJBaHBHZz09IiwiZXhwIjpudWxsLCJwdXIiOiJibG9iX2lkIn19--5166ad57ac056aefc264b6a008eef1c34ad269ca/1.png
3288,3389,,,
3289,3390,,,
3290,3391,,"Suspense/Thriller, Horror, Reference book, Fiction in verse, Crime/Detective, Fiction narrative, Metafiction, Mythopoeia, Biography/Autobiography",https://www.sqlhabit.com/rails/active_storage/blobs/eyJfcmFpbHMiOnsibWVzc2FnZSI6IkJBaHBIUT09IiwiZXhwIjpudWxsLCJwdXIiOiJibG9iX2lkIn19--9fab9c52ff7fbdd2a561b7fb5bc6a47184baf243/4.png
3291,3392,,,
3292,3393,Sartorial pour-over mlkshk etsy tumblr biodiesel neutra scenester organic.,,
3293,3394,,,
3294,3395,,,
3295,3396,,,
3296,3397,,,https://www.sqlhabit.com/rails/active_storage/blobs/eyJfcmFpbHMiOnsibWVzc2FnZSI6IkJBaHBHZz09IiwiZXhwIjpudWxsLCJwdXIiOiJibG9iX2lkIn19--5166ad57ac056aefc264b6a008eef1c34ad269ca/1.png
3297,3398,,,
3298,3399,,,
3299,3400,,"Metafiction, Horror, Western, Narrative nonfiction",
3300,3401,,"Textbook, Folklore, Narrative nonfiction, Essay, Tall tale, Comic/Graphic Novel, Historical fiction, Humor",
3301,3402,,,
3302,3403,,,
3303,3404,,,
2206,2307,,"Fiction in verse, DeTECtiVe, Mythology, Fantasy, Fanfiction, Science fiction, Classic, Metafiction, Narrative nonfiction, Folklore, Reference book",
2365,2466,,"Mythology, Horror, DEtectIvE",
2449,2550,,"Fantasy, Reference book, detective, Realistic fiction, Mythopoeia, Mythology, Western",
2587,2688,,"DEtECTiVE, Mystery, Short story, Fairy tale, Metafiction",https://www.sqlhabit.com/rails/active_storage/blobs/eyJfcmFpbHMiOnsibWVzc2FnZSI6IkJBaHBJdz09IiwiZXhwIjpudWxsLCJwdXIiOiJibG9iX2lkIn19--2829f497ead3a1a2d88ff434873233fb43ad5529/10.png
2630,2731,Stumptown seitan roof xoxo bushwick ethical next level celiac.,"Historical fiction, Fiction in verse, Biography/Autobiography, Suspense/Thriller, Western, Horror, Fairy tale, Short story, Science fiction, DeTecTIVE, Mystery",
2851,2952,,"Realistic fiction, Fantasy, DEteCtiVe, Mystery",
2879,2980,,"Short story, Short story, Mythology, Tall tale, dETECtive",
3011,3112,,"Fanfiction, Science fiction, DEteCTIve, Narrative nonfiction",
3070,3171,,"DetECtiVE, Western",
3113,3214,,"Narrative nonfiction, Fable, Mythopoeia, Essay, dEtEctivE",
